"","city","year","geomobility","housing_price","income","median_age","unemployment","truck_cost"
"1","Albuquerque, NM",2005,482442,153134.096653779,41820,35.8,14.5337022132797,2110.94761290323
"2","Albuquerque, NM",2006,485982,170259.007619381,43021,35.3,18.7860187553282,2183.9144516129
"3","Albuquerque, NM",2007,505490,193305.919721356,43677,35.2,19.9111296310327,2136.40116129032
"4","Albuquerque, NM",2008,506706,200215.211428642,46437,35.5,19.1509715994021,1914.10683870968
"5","Albuquerque, NM",2009,519532,187486.929321029,44594,34,13.877965420185,1568.78703225806
"6","Albuquerque, NM",2010,540574,180903.756614076,46079,35.2,12.4364339722173,1750.35567741936
"7","Albuquerque, NM",2011,544579,171329.02972452,43606,35.5,10.5420997609988,1882.71412903226
"8","Albuquerque, NM",2012,548340,164757.245024156,45373,35.3,8.81733021077283,1904.77387096774
"9","Albuquerque, NM",2013,549629,163877.783059888,48357,35.8,7.26019112983187,1886.10793548387
"10","Albuquerque, NM",2014,550317,166668.565317444,46433,35.7,8.30884298541163,1957.37787096774
"11","Albuquerque, NM",2015,552275,169546.379111655,47096,36,6.68122192594714,1882.71412903226
"12","Albuquerque, NM",2016,553849,176038.325622096,50522,36.5,5.21234158223603,1847.92761290323
"13","Albuquerque, NM",2017,551049,183130.69966234,50456,37,4.80509823221528,1949.74180645161
"14","Albuquerque, NM",2018,553759,189542.195948807,51099,37.2,5.73442461213515,2079.55490322581
"15","Albuquerque, NM",2019,553804,198026.609649122,55567,37.3,5.0827898158738,1997.25509677419
"16","Albuquerque, NM",2020,554784,212967.821280772,53936,37.1,5.59474123539232,1842.83690322581
"17","Albuquerque, NM",2021,558997,241066.303170735,58512,38.9,6.10560493305048,2023.55709677419
"18","Albuquerque, NM",2022,554890,280587.610422701,64757,38.4,4.1883828338334,2041.37458064516
"19","Albuquerque, NM",2023,555391,308189.892596214,67907,39.2,4.33784668042482,1940.40883870968
"20","Atlanta, GA",2005,388422,179505.707068202,39752,34.7,10.5344437893082,2039.85157024793
"21","Atlanta, GA",2006,438135,186545.601635825,41612,35,10.1902364273205,2110.36090909091
"22","Atlanta, GA",2007,425366,192300.481437175,47153,35,10.8074138964452,2064.44785123967
"23","Atlanta, GA",2008,447703,191047.167477682,48865,35.7,11.7761963190184,1849.64033057851
"24","Atlanta, GA",2009,532685,171838.828357441,49981,33.4,7.96613653575679,1515.95078512397
"25","Atlanta, GA",2010,416670,152781.210857925,41631,33.2,6.69683499288762,1691.40425619835
"26","Atlanta, GA",2011,427164,139138.933142581,43903,32.7,13.2227607129636,1819.30491735537
"27","Atlanta, GA",2012,438201,125489.46994623,46466,33.1,14.6613790142889,1840.62169421488
"28","Atlanta, GA",2013,441997,131061.115550037,46485,33.1,11.2536396262189,1822.5844214876
"29","Atlanta, GA",2014,449800,154395.394835793,46777,33.5,10.4829681094519,1891.45400826446
"30","Atlanta, GA",2015,460327,169023.933257195,50210,33.8,7.38286310069192,1819.30491735537
"31","Atlanta, GA",2016,467099,183060.400399759,53843,33,7.27897155777606,1785.69
"32","Atlanta, GA",2017,481420,196831.95323645,57597,33.3,6.64820657649905,1884.07512396694
"33","Atlanta, GA",2018,491120,213850.99165346,65345,33.2,5.65987154015931,2009.51615702479
"34","Atlanta, GA",2019,501947,232342.009387276,66657,33.3,4.9967234007118,1929.98818181818
"35","Atlanta, GA",2020,492410,244899.254852978,64179,33.2,6.62681667308237,1780.77074380165
"36","Atlanta, GA",2021,491005,271374.529329782,74107,34.3,5.2008979241809,1955.40433884297
"37","Atlanta, GA",2022,494738,333524.710382461,83251,34,4.75710501729582,1972.62173553719
"38","Atlanta, GA",2023,505496,366964.156658366,85880,34.5,5.67807976938014,1875.05648760331
"39","Austin, TX",2005,665672,186656.878020228,43731,31.4,14.1983693674019,2290.09364516129
"40","Austin, TX",2006,706505,192941.385211084,47212,31.2,16.3472890853129,2369.25283064516
"41","Austin, TX",2007,734639,199709.993662798,48966,31.4,19.5920600187559,2317.70731451613
"42","Austin, TX",2008,763919,207084.238475165,51372,31.7,19.4349764252036,2076.54793548387
"43","Austin, TX",2009,777744,201617.906761541,50132,31.2,13.3911726402808,1701.92248790323
"44","Austin, TX",2010,782461,198154.5771226,47434,30.9,11.853359223301,1898.89999596774
"45","Austin, TX",2011,809464,192188.468230973,49987,31.3,8.2512891672835,2042.4910766129
"46","Austin, TX",2012,831672,190162.573456169,52453,31.7,7.10650230575344,2066.4229233871
"47","Austin, TX",2013,874143,201536.716013867,56351,32,5.85362498280369,2046.17289919355
"48","Austin, TX",2014,900040,223587.270798574,58458,32.6,4.4695762195064,2123.4911733871
"49","Austin, TX",2015,919721,248561.10516518,62250,32.7,4.1709896068685,2042.4910766129
"50","Austin, TX",2016,934294,271392.931471774,66697,32.7,3.47690921061433,2004.75239516129
"51","Austin, TX",2017,938330,287958.92869934,67755,33.4,3.53758310082024,2115.20707258065
"52","Austin, TX",2018,953463,298873.135563746,71543,33.6,3.77295799702498,2256.03678629032
"53","Austin, TX",2019,967577,308349.549468704,75413,33.9,3.4288390452774,2166.75258870968
"54","Austin, TX",2020,954333,322358.216323325,75752,33.7,4.36291125942195,1999.22966129032
"55","Austin, TX",2021,953064,366784.268715699,79542,34.4,5.29102461717773,2195.28671370968
"56","Austin, TX",2022,966426,495450.534585745,89415,34.5,3.04555374582349,2214.61628225806
"57","Austin, TX",2023,970338,499571.637421717,91501,34.9,3.95027179159081,2105.08206048387
"58","Baltimore, MD",2005,600543,240788.26385268,32456,35.7,8.79551920341394,2225.59314728682
"59","Baltimore, MD",2006,622612,287923.885227222,36031,35.6,9.34661404497901,2302.52281395349
"60","Baltimore, MD",2007,627273,308939.030866428,36949,35.4,9.93121170191738,2252.42907751938
"61","Baltimore, MD",2008,628349,304359.493715939,40313,35.5,10.2222897929136,2018.06195348837
"62","Baltimore, MD",2009,628138,278858.068520135,38772,34,7.82681369124838,1653.98783333333
"63","Baltimore, MD",2010,612017,259095.858290276,38346,34.4,6.9363032962088,1845.41746899225
"64","Baltimore, MD",2011,610849,245870.769189258,38721,34.2,16.1482621945401,1984.96430620155
"65","Baltimore, MD",2012,612602,232832.506267099,39241,34.2,15.4863661373495,2008.2221124031
"66","Baltimore, MD",2013,612995,240968.189706282,42266,34.6,11.1144108694038,1988.54243023256
"67","Baltimore, MD",2014,615275,253533.28657809,42665,34.6,11.8196852598202,2063.68303488372
"68","Baltimore, MD",2015,613552,259239.082824306,44165,34.7,10.0740003318401,1984.96430620155
"69","Baltimore, MD",2016,607542,265118.803552523,47350,34.9,8.9232272643987,1948.28853488372
"70","Baltimore, MD",2017,603746,271451.149001703,47131,35.3,7.56999339362599,2055.63225581395
"71","Baltimore, MD",2018,595926,279396.77977454,51000,35.5,6.76184422823058,2192.4955
"72","Baltimore, MD",2019,586469,286911.236857051,50177,35.9,7.31000919123725,2105.72599224806
"73","Baltimore, MD",2020,595287,296632.190083673,52164,35.5,7.55576397132607,1942.92134883721
"74","Baltimore, MD",2021,568926,319312.754307477,54652,36.1,7.92247882409862,2133.45645348837
"75","Baltimore, MD",2022,563521,348937.329917943,55198,36.5,5.49604513580822,2152.24160465116
"76","Baltimore, MD",2023,558241,363343.538609845,59579,36.5,5.05396864273881,2045.79241472868
"77","Boston, MA",2005,511840,382715.968492721,42562,33.1,11.0373638177075,2605.89292307692
"78","Boston, MA",2006,565420,398584.115753366,47974,33.6,15.5635545556805,2695.968
"79","Boston, MA",2007,606616,377807.712517162,50476,33.4,12.1514043248233,2637.31446153846
"80","Boston, MA",2008,603998,362087.048747817,51688,33.3,13.0337430085369,2362.89969230769
"81","Boston, MA",2009,636866,335987.747593056,55979,32,8.89448708051405,1936.61415384615
"82","Boston, MA",2010,615629,329631.904784694,49893,30.8,7.78108753089576,2160.75446153846
"83","Boston, MA",2011,618046,328532.876117866,49081,30.9,11.5630919850464,2324.14646153846
"84","Boston, MA",2012,631408,314696.995584699,51642,31,9.60466281184324,2351.37846153846
"85","Boston, MA",2013,638500,329627.266927652,53583,31.7,8.08045603723917,2328.336
"86","Boston, MA",2014,648438,356868.373185537,56902,31.7,8.32711622757527,2416.31630769231
"87","Boston, MA",2015,661446,375171.91181059,58263,31.8,6.67383269696607,2324.14646153846
"88","Boston, MA",2016,664168,402685.595128713,63621,32.1,7.57056595639085,2281.20369230769
"89","Boston, MA",2017,676287,428359.342496524,66758,32.3,6.71063825626082,2406.88984615385
"90","Boston, MA",2018,688679,457286.235942973,71834,32.1,6.86701962005606,2567.13969230769
"91","Boston, MA",2019,687036,478874.665334091,79018,32.6,4.41093219642249,2465.54338461539
"92","Boston, MA",2020,681962,490862.936070942,76298,32.4,6.88025591934663,2274.91938461538
"93","Boston, MA",2021,646938,540775.589877063,79283,33,8.02281398048103,2498.01230769231
"94","Boston, MA",2022,643455,590259.25726104,86331,33.3,5.22553009862655,2520.00738461539
"95","Boston, MA",2023,645761,624716.645420316,96931,33.7,4.17143492714757,2395.36861538462
"96","Charlotte, NC",2005,592140,158158.778133572,47131,33.8,12.0539083557951,2411.52315625
"97","Charlotte, NC",2006,640115,163575.501056128,48670,34.7,13.6377511520737,2494.8796640625
"98","Charlotte, NC",2007,663081,171928.977411448,52690,34.3,13.4471701481878,2440.6010078125
"99","Charlotte, NC",2008,673310,179513.455323354,52530,35,15.1678297278437,2186.6544375
"100","Charlotte, NC",2009,692387,171800.455852779,49779,33.3,9.11303951713928,1792.16491796875
"101","Charlotte, NC",2010,725808,163543.225697627,49616,33.2,7.49399174211705,1999.58692578125
"102","Charlotte, NC",2011,741987,154086.630300078,50177,33.7,11.2864299381737,2150.79175390625
"103","Charlotte, NC",2012,762800,145167.45196169,50950,33.3,10.5375839111578,2175.99255859375
"104","Charlotte, NC",2013,784272,149210.00680161,51034,33.3,10.1680490150486,2154.66880078125
"105","Charlotte, NC",2014,798163,160115.642609034,55178,33.8,9.2249187432286,2236.08678515625
"106","Charlotte, NC",2015,815490,167340.161683054,53919,34.3,7.34082752637678,2150.79175390625
"107","Charlotte, NC",2016,830055,180624.052306512,61017,34,5.41205438117679,2111.0520234375
"108","Charlotte, NC",2017,849948,195158.159561324,61350,34.4,4.62367446177604,2227.3634296875
"109","Charlotte, NC",2018,862010,211730.426999583,60764,34.7,4.18309131258677,2375.66047265625
"110","Charlotte, NC",2019,872125,226208.934262837,63483,34.2,3.60329457593572,2281.6420859375
"111","Charlotte, NC",2020,862707,239514.120188431,65359,34.4,4.94871100804383,2105.236453125
"112","Charlotte, NC",2021,869445,270388.423546886,70869,34.8,5.03120948342039,2311.68919921875
"113","Charlotte, NC",2022,885833,331921.347800089,74401,34.5,3.28527152674842,2332.0436953125
"114","Charlotte, NC",2023,899656,364815.983616088,80581,34.7,3.52726382954695,2216.70155078125
"115","Chicago, IL",2005,2655958,225717.587666782,41015,33.1,9.05875783000397,1946.25317073171
"116","Chicago, IL",2006,2702974,246012.887968861,43223,33.6,10.1593893667099,2013.52719512195
"117","Chicago, IL",2007,2697424,255288.262532752,45505,34.1,10.91953297816,1969.72085365854
"118","Chicago, IL",2008,2698979,250497.663969813,46911,34,10.6026069294924,1764.76975609756
"119","Chicago, IL",2009,2804553,223765.06668962,45734,32.9,7.64177471471226,1446.39152439024
"120","Chicago, IL",2010,2659970,201582.842849789,44776,32.8,6.74221023016429,1613.79432926829
"121","Chicago, IL",2011,2670397,186465.252078569,43628,33,14.0971415064123,1735.8262804878
"122","Chicago, IL",2012,2675954,170878.653275523,45214,33.6,13.6639281682332,1756.16493902439
"123","Chicago, IL",2013,2684006,167263.694858769,47099,33.7,12.6657612679803,1738.95530487805
"124","Chicago, IL",2014,2687174,186017.903257838,48734,33.9,10.9123433460634,1804.66481707317
"125","Chicago, IL",2015,2685744,196689.317740514,50702,34.2,9.49604601402921,1735.8262804878
"126","Chicago, IL",2016,2667356,206636.520325236,53006,34.4,8.14835373155091,1703.7537804878
"127","Chicago, IL",2017,2684432,216358.817460894,55295,34.6,8.30436221044696,1797.62451219512
"128","Chicago, IL",2018,2672528,228031.1623996,57238,34.9,8.1357360024092,1917.30969512195
"129","Chicago, IL",2019,2659927,235260.93125496,61811,35.2,6.28919344327221,1841.43085365854
"130","Chicago, IL",2020,2665195,240163.15865755,62097,34.8,8.10296059980036,1699.06024390244
"131","Chicago, IL",2021,2667710,256464.635273243,66576,35.8,10.1035736333082,1865.68079268293
"132","Chicago, IL",2022,2635373,281357.751232558,70386,35.8,6.43624190546324,1882.10817073171
"133","Chicago, IL",2023,2638357,295101.412346701,74474,36.4,6.44037996822648,1789.01969512195
"134","Cincinnati, OH",2005,281470,152092.496851157,29554,33.3,9.54810796848767,1814.3156875
"135","Cincinnati, OH",2006,297519,156955.395939276,31103,34.9,9.76234243697479,1877.029171875
"136","Cincinnati, OH",2007,292841,159202.015388047,33006,35.3,10.3861103371413,1836.192484375
"137","Cincinnati, OH",2008,290556,156781.664959066,33562,36.6,10.8210384451695,1645.135125
"138","Cincinnati, OH",2009,327200,149453.601400623,32754,32.6,9.09030208389424,1348.3399140625
"139","Cincinnati, OH",2010,292618,145555.410359659,34110,32.5,6.94244909502262,1504.3943984375
"140","Cincinnati, OH",2011,291953,141293.057061489,31301,32.9,15.7760122250497,1618.1537421875
"141","Cincinnati, OH",2012,292065,134287.134102962,30188,32,12.1373259984395,1637.1136328125
"142","Cincinnati, OH",2013,293077,135560.421066461,34605,32.5,12.2318570159688,1621.0706484375
"143","Cincinnati, OH",2014,294407,141983.105910434,32688,33,13.2987368302157,1682.3256796875
"144","Cincinnati, OH",2015,294953,146468.346256341,35001,32.7,10.4898138914432,1618.1537421875
"145","Cincinnati, OH",2016,294003,154387.478017182,38539,32.2,9.42245613153631,1588.255453125
"146","Cincinnati, OH",2017,296183,162246.146702432,38938,32.7,5.90111838432422,1675.762640625
"147","Cincinnati, OH",2018,296698,171235.495280842,43585,33,6.21579309912956,1787.3343046875
"148","Cincinnati, OH",2019,300216,183156.825992903,46260,32.5,6.85390157902805,1716.599328125
"149","Cincinnati, OH",2020,297749,194542.599456357,42663,32.4,7.32268268169514,1583.88009375
"150","Cincinnati, OH",2021,306069,219425.212947428,42733,32.5,7.55969990887416,1739.2053515625
"151","Cincinnati, OH",2022,306207,244040.19498074,48130,33.5,5.28726545606733,1754.519109375
"152","Cincinnati, OH",2023,307941,262513.376629667,54314,34.1,6.34701217154973,1667.7411484375
"153","Cleveland, OH",2005,409774,142794.303418561,24105,35.3,5.85277017257821,1955.05290625
"154","Cleveland, OH",2006,401415,147024.694657904,26535,36.9,6.20921317867883,2022.6311015625
"155","Cleveland, OH",2007,390736,146576.02715164,28512,37,6.31411925976696,1978.6266953125
"156","Cleveland, OH",2008,402071,141066.64237849,26731,36.9,6.29680516470783,1772.7489375
"157","Cleveland, OH",2009,425334,132698.256834199,24687,36.8,4.66959377779805,1452.93119921875
"158","Cleveland, OH",2010,391838,127238.537646982,25977,37,4.83213129794337,1621.09089453125
"159","Cleveland, OH",2011,389490,121999.912014452,25371,37.7,19.533152096776,1743.67459765625
"160","Cleveland, OH",2012,386729,114934.09312925,24257,35.8,19.4357754573008,1764.10521484375
"161","Cleveland, OH",2013,383823,116848.595249571,26096,34.9,18.0805017612823,1746.81776953125
"162","Cleveland, OH",2014,384180,120420.795953283,24701,34.8,18.3766744595748,1812.82437890625
"163","Cleveland, OH",2015,383529,122229.454170212,28831,36,17.5217463571389,1743.67459765625
"164","Cleveland, OH",2016,381509,129020.998153707,27551,36.4,13.9363498782708,1711.4570859375
"165","Cleveland, OH",2017,380695,135205.67695901,28974,36.2,12.462818278287,1805.7522421875
"166","Cleveland, OH",2018,378633,143099.875748745,29953,36.3,11.7128373749829,1925.97856640625
"167","Cleveland, OH",2019,376088,151770.23703151,32053,35.5,11.0896617914908,1849.7566484375
"168","Cleveland, OH",2020,378932,158633.030182638,31838,36.3,12.4165459939365,1706.742328125
"169","Cleveland, OH",2021,364392,175914.726875502,35562,36.3,12.2695788180092,1874.11623046875
"170","Cleveland, OH",2022,357719,192276.047403439,37351,36.8,8.89702214540097,1890.6178828125
"171","Cleveland, OH",2023,358939,208352.258645331,39041,36.3,9.5279104360761,1797.10851953125
"172","Columbus, OH",2005,680756,151478.699342901,40405,32.1,12.6744045011961,1898.071875
"173","Columbus, OH",2006,705847,155521.101439315,40074,32.5,12.3939336131248,1963.68046875
"174","Columbus, OH",2007,719362,156101.632517523,42253,32.5,13.9966196982636,1920.95859375
"175","Columbus, OH",2008,725316,153107.763322064,44369,32.5,15.4378077660414,1721.08125
"176","Columbus, OH",2009,760540,147981.738894677,41370,31.5,10.5930321687313,1410.584765625
"177","Columbus, OH",2010,778002,142587.867648261,41397,31.6,8.12931492786302,1573.843359375
"178","Columbus, OH",2011,786775,139393.754636769,40463,31.6,10.746959560938,1692.854296875
"179","Columbus, OH",2012,798718,132484.884653935,43844,32,8.54542085305058,1712.689453125
"180","Columbus, OH",2013,809934,132411.504985481,44426,32.3,7.21222504673064,1695.905859375
"181","Columbus, OH",2014,823548,141271.852175445,46481,31.9,6.4160140727161,1759.988671875
"182","Columbus, OH",2015,836248,150138.939914056,47401,32.5,6.55110782927556,1692.854296875
"183","Columbus, OH",2016,849806,161965.997786827,49602,32.3,6.15977339930079,1661.57578125
"184","Columbus, OH",2017,868634,170510.582980272,51708,32.2,5.07932286605636,1753.12265625
"185","Columbus, OH",2018,883234,183409.689424652,52971,32.3,5.04572960735028,1869.844921875
"186","Columbus, OH",2019,887026,196914.001506537,57118,32.4,4.62996537070611,1795.84453125
"187","Columbus, OH",2020,876171,211028.627132106,54902,32.4,5.41769026950742,1656.9984375
"188","Columbus, OH",2021,895229,237170.124075434,58202,33.1,6.22961110293757,1819.494140625
"189","Columbus, OH",2022,895858,264411.522230771,61727,33.3,4.37188603865554,1835.51484375
"190","Columbus, OH",2023,897432,290552.773697566,62350,33.4,4.3884516465879,1744.730859375
"191","Dallas, TX",2005,1121138,147163.845871147,36403,31.9,11.6305339363003,1902.90209375
"192","Dallas, TX",2006,1170743,149820.397880596,38276,31.9,12.2573353618779,1968.6776484375
"193","Dallas, TX",2007,1217815,154261.606352398,40986,31.9,15.7412355173791,1925.8470546875
"194","Dallas, TX",2008,1200940,155765.405497008,40796,31.9,16.4253760423973,1725.4610625
"195","Dallas, TX",2009,1272539,147353.907583119,39829,31.6,10.7059885885982,1414.17442578125
"196","Dallas, TX",2010,1184310,148283.675090737,40650,31.6,9.8683132859047,1577.84848046875
"197","Dallas, TX",2011,1206334,143571.884620962,40585,31.6,9.77973173746927,1697.16227734375
"198","Dallas, TX",2012,1222427,139809.676372702,41354,32.4,9.27521634756495,1717.04791015625
"199","Dallas, TX",2013,1242023,147788.355192131,41978,32.1,7.91222016559646,1700.22160546875
"200","Dallas, TX",2014,1260677,160270.770725876,43003,32.4,6.62874425708848,1764.46749609375
"201","Dallas, TX",2015,1278532,173311.494414908,45918,32.6,5.18536412968108,1697.16227734375
"202","Dallas, TX",2016,1296979,193933.775161716,47243,32.7,4.6821706753891,1665.8041640625
"203","Dallas, TX",2017,1320642,215245.091553391,50627,32.4,5.22670507653882,1757.5840078125
"204","Dallas, TX",2018,1328601,235773.77774117,52210,33.3,4.31815469714093,1874.60330859375
"205","Dallas, TX",2019,1321238,248806.434894355,55332,32.9,4.61174351040825,1800.4146015625
"206","Dallas, TX",2020,1319420,256428.114745859,54747,32.9,4.90216113319523,1661.215171875
"207","Dallas, TX",2021,1270447,278270.696399306,57995,33.7,6.02938428579499,1824.12439453125
"208","Dallas, TX",2022,1279926,336270.385321271,65400,33.1,4.01742103549332,1840.1858671875
"209","Dallas, TX",2023,1287866,373400.796386118,70121,33.5,4.41159485631668,1749.17085546875
"210","Denver, CO",2005,530860,245011.192907037,42370,34.3,15.244506058739,1946.6073125
"211","Denver, CO",2006,554747,249682.287547279,40900,35,15.2243266636118,2013.893578125
"212","Denver, CO",2007,577696,248671.777038641,44444,35.3,16.9192400321113,1970.079265625
"213","Denver, CO",2008,587611,242442.365210171,45831,35.4,19.4253660840812,1765.090875
"214","Denver, CO",2009,600376,231580.699225624,46410,33,10.4417137163733,1446.6547109375
"215","Denver, CO",2010,595003,230834.659840057,45074,33.6,8.37001221001221,1614.0879765625
"216","Denver, CO",2011,610005,225020.106175346,47371,33.6,9.49933705789694,1736.1421328125
"217","Denver, CO",2012,624608,219535.37503587,50488,33.7,7.24343731704813,1756.4844921875
"218","Denver, CO",2013,639929,238259.934285682,51089,34.1,5.90512177824936,1739.2717265625
"219","Denver, CO",2014,655069,262831.12445746,54941,34.2,4.70022078557358,1804.9931953125
"220","Denver, CO",2015,672556,289884.098646216,58003,34.1,4.48562677022056,1736.1421328125
"221","Denver, CO",2016,683757,331333.309211616,61105,34.4,4.33763042980912,1704.063796875
"222","Denver, CO",2017,697290,363470.154715103,65224,34.5,3.15997255756292,1797.951609375
"223","Denver, CO",2018,706987,390851.768913863,68377,34.6,3.60151332221229,1917.6585703125
"224","Denver, CO",2019,719506,412908.952709284,75646,34.7,3.02413373763817,1841.765921875
"225","Denver, CO",2020,707712,430030.902109828,72661,34.6,4.34134787711814,1699.36940625
"226","Denver, CO",2021,703702,470150.346357534,81630,35.1,6.24927242472592,1866.0202734375
"227","Denver, CO",2022,705387,552332.308562345,88213,35.1,3.70804680686004,1882.450640625
"228","Denver, CO",2023,708432,574911.882712914,94157,35.4,3.73981795759134,1789.3452265625
"229","Detroit, MI",2005,823511,158142.240955804,28069,32.5,4.87020550330895,1973.82639370079
"230","Detroit, MI",2006,821700,160898.772345618,28364,33,4.51086413914506,2042.05351181102
"231","Detroit, MI",2007,798762,156493.585095459,28097,33.7,4.77731209425695,1997.6265511811
"232","Detroit, MI",2008,767540,142995.965980355,28730,35,4.89270251709414,1789.77184251968
"233","Detroit, MI",2009,898565,114234.164920584,26098,34.7,3.53427820835242,1466.88303937008
"234","Detroit, MI",2010,702073,92301.6759477628,25787,35.1,3.07666810335981,1636.65749606299
"235","Detroit, MI",2011,696759,86113.8500158882,25193,35.2,29.2874425440755,1760.41831496063
"236","Detroit, MI",2012,692752,81653.5545124176,23600,35.1,27.6535389893423,1781.04511811024
"237","Detroit, MI",2013,679356,90971.7738374552,24820,35.2,25.3293210377405,1763.59166929134
"238","Detroit, MI",2014,670586,112667.682723883,25769,35.1,21.5882661079099,1830.23211023622
"239","Detroit, MI",2015,668337,124581.946403325,25980,34.8,20.5924257578919,1760.41831496063
"240","Detroit, MI",2016,661751,135984.23382349,28099,34,16.4856857360473,1727.89143307087
"241","Detroit, MI",2017,664366,147535.806868269,30344,34.6,15.8496737899675,1823.09206299213
"242","Detroit, MI",2018,662750,161265.110071902,31283,35,13.051751839318,1944.47286614173
"243","Detroit, MI",2019,661408,173066.465940505,33965,35,11.1625075252286,1867.51902362205
"244","Detroit, MI",2020,662568,182591.499170945,32498,34.6,14.9128987923733,1723.1314015748
"245","Detroit, MI",2021,623360,200423.777123589,36140,35.3,17.3702098954415,1892.11251968504
"246","Detroit, MI",2022,613581,221986.047343579,36453,35.3,12.3690724839483,1908.77262992126
"247","Detroit, MI",2023,625759,234553.539603946,38080,35.2,10.6943598264562,1814.36533858268
"248","Fresno, CA",2005,468823,228079.666185204,37800,28.1,11.7853056646102,2870.01490625
"249","Fresno, CA",2006,468894,287424.364690696,40328,28.8,9.09011180847084,2969.2196015625
"250","Fresno, CA",2007,467164,296337.396094337,44513,29.1,9.54967364584216,2904.6211953125
"251","Fresno, CA",2008,466448,260443.997462746,40134,28.9,8.87442904394393,2602.3929375
"252","Fresno, CA",2009,471218,190998.151376865,43223,29.1,7.16977835301731,2132.90094921875
"253","Fresno, CA",2010,488690,167148.752107529,41144,28.9,6.25741892859109,2379.75914453125
"254","Fresno, CA",2011,493749,157379.245365073,40533,29.4,18.469329795214,2559.71184765625
"255","Fresno, CA",2012,497408,139435.150894481,38386,30.2,16.8129285954059,2589.70396484375
"256","Fresno, CA",2013,502698,155806.257106069,40179,30,13.4928953338729,2564.32601953125
"257","Fresno, CA",2014,508501,182425.196863447,39880,30.5,11.8563956418232,2661.22362890625
"258","Fresno, CA",2015,510470,195926.526206017,43494,30,10.877839165132,2559.71184765625
"259","Fresno, CA",2016,511751,210832.440369562,44905,30.9,9.69902201106871,2512.4165859375
"260","Fresno, CA",2017,520357,224378.606196203,48600,31.5,9.22333917351127,2650.8417421875
"261","Fresno, CA",2018,522717,244866.387285965,49813,31.5,9.00397612663839,2827.33381640625
"262","Fresno, CA",2019,525068,262831.769967441,53161,31.8,8.1816320681325,2715.4401484375
"263","Fresno, CA",2020,518790,274401.927613542,53368,31.4,9.53657285617379,2505.495328125
"264","Fresno, CA",2021,536835,302549.948941357,61250,32.9,9.32475378370725,2751.19998046875
"265","Fresno, CA",2022,536994,356820.363878826,64196,32.4,7.93222041300808,2775.4243828125
"266","Fresno, CA",2023,539014,375936.163529122,67603,32.8,7.00113972928571,2638.15276953125
"267","Houston, TX",2005,1905895,143523.243113055,36894,32.3,10.978751454052,2017.46703225806
"268","Houston, TX",2006,2039957,146047.592639357,39682,32.2,11.8505278817012,2087.20262903226
"269","Houston, TX",2007,2011629,151635.555753955,40856,32.9,14.659176082141,2041.79340322581
"270","Houston, TX",2008,1986684,154600.254960918,44315,32.9,17.0025560424208,1829.34309677419
"271","Houston, TX",2009,2218541,148187.328341151,42945,31.9,12.0224664025162,1499.31533064516
"272","Houston, TX",2010,2073046,148902.58737138,42355,32.2,10.0343215170221,1672.84344354839
"273","Houston, TX",2011,2115408,144841.17759128,42877,32.2,10.2424486450981,1799.34057258065
"274","Houston, TX",2012,2133021,139720.487545466,42847,32.5,9.72049001409598,1820.42342741935
"275","Houston, TX",2013,2163581,143032.548451299,45353,32.7,7.86102709751418,1802.58408870968
"276","Houston, TX",2014,2210650,157609.789790354,45460,32.7,6.55675868140865,1870.69792741935
"277","Houston, TX",2015,2261829,175697.426044767,48064,32.6,5.90092519603369,1799.34057258065
"278","Houston, TX",2016,2266947,191126.252074047,47793,33,6.54911104391426,1766.09453225806
"279","Houston, TX",2017,2274143,199072.096632042,50896,33.1,6.26026817482848,1863.40001612903
"280","Houston, TX",2018,2291172,206115.740610351,51203,33.1,5.33110914751472,1987.46450806452
"281","Houston, TX",2019,2286546,215484.639886027,52450,33.4,5.35470529299134,1908.80924193548
"282","Houston, TX",2020,2279884,223002.453520331,53600,33.3,6.24170495682203,1761.22925806452
"283","Houston, TX",2021,2257448,238583.86576103,55499,34.8,8.36247401077223,1933.94649193548
"284","Houston, TX",2022,2273980,278777.507400479,60426,34.6,5.91937065029397,1950.9749516129
"285","Houston, TX",2023,2276308,305667.678710231,62637,34.5,6.23592460337418,1854.48034677419
"286","Jacksonville, FL",2005,757882,174047.389705324,44173,35.2,15.4603283173735,2502.08208
"287","Jacksonville, FL",2006,786686,204591.254742724,45285,35.6,16.6981272787537,2588.56884
"288","Jacksonville, FL",2007,794748,227424.425142238,48699,35.9,15.2224395190497,2532.25188
"289","Jacksonville, FL",2008,803211,216510.998103156,50476,36.4,14.3291607779797,2268.76896
"290","Jacksonville, FL",2009,802746,189305.213010639,46312,34.6,9.22595867604578,1859.46534
"291","Jacksonville, FL",2010,812641,167010.225192938,45584,35.4,7.99905171923303,2074.67658
"292","Jacksonville, FL",2011,816038,150834.093713922,44802,35.6,13.2150352629724,2231.55954
"293","Jacksonville, FL",2012,825648,136169.575526017,42800,35.5,12.4330011231642,2257.7067
"294","Jacksonville, FL",2013,830415,140099.705389753,47424,35.8,10.7382800314736,2235.58218
"295","Jacksonville, FL",2014,840567,157338.648210272,44591,35.8,8.52417483881069,2320.05762
"296","Jacksonville, FL",2015,856748,166755.055771521,48239,35.7,7.23092514576829,2231.55954
"297","Jacksonville, FL",2016,867624,178543.601570586,51298,35.7,5.97161725446115,2190.32748
"298","Jacksonville, FL",2017,878097,191971.503273615,51497,35.8,6.35902985744925,2311.00668
"299","Jacksonville, FL",2018,892080,208190.546529556,54269,36,5.78854475185624,2464.87266
"300","Jacksonville, FL",2019,899706,224797.217806081,56975,36.1,4.76105548154197,2367.32364
"301","Jacksonville, FL",2020,888817,235261.847437083,55531,35.9,5.47029124347045,2184.29352
"302","Jacksonville, FL",2021,942505,257190.497059989,58621,36.6,4.68988890823027,2398.4991
"303","Jacksonville, FL",2022,959782,316829.114935062,69309,36.5,4.21263771434933,2419.61796
"304","Jacksonville, FL",2023,974186,360611.462646441,68069,36.9,4.41209811822076,2299.94442
"305","Memphis, TN",2005,630694,126389.121485922,33244,33,9.37462139787117,1945.5227
"306","Memphis, TN",2006,630626,131612.680893304,32594,33.7,8.39212072649573,2012.771475
"307","Memphis, TN",2007,628260,136456.256992458,35143,33.9,8.84653492902867,1968.981575
"308","Memphis, TN",2008,622802,134213.574500003,37207,34.3,9.57086311809535,1764.1074
"309","Memphis, TN",2009,664468,122717.987676192,34203,33.3,6.95686688483057,1445.8486625
"310","Memphis, TN",2010,639074,115172.709004535,37045,33.4,6.71452260986032,1613.1886375
"311","Memphis, TN",2011,643966,111071.097044195,34960,33.6,14.4815450590964,1735.1747875
"312","Memphis, TN",2012,644689,106706.290491553,33563,33.2,14.0946337747856,1755.5058125
"313","Memphis, TN",2013,642845,108248.157183369,36722,33,13.6131879464353,1738.3026375
"314","Memphis, TN",2014,649380,113545.722381846,34704,33.8,10.0903176593064,1803.9874875
"315","Memphis, TN",2015,646507,119393.46533465,36908,34.1,10.1451871434792,1735.1747875
"316","Memphis, TN",2016,644105,125148.68574185,38826,33.8,8.48702572225994,1703.114325
"317","Memphis, TN",2017,645006,131018.193477192,39333,33.6,8.51929686233241,1796.949825
"318","Memphis, TN",2018,640895,140846.612938923,37199,34.3,9.60534792310493,1916.5900875
"319","Memphis, TN",2019,643396,151951.239970437,43794,34.6,7.49769194184626,1840.739725
"320","Memphis, TN",2020,642416,163454.841571606,41864,34.2,8.55915099047972,1698.42255
"321","Memphis, TN",2021,620039,184610.946220419,44317,34.3,9.84700300183984,1864.9805625
"322","Memphis, TN",2022,611769,216338.439003541,50622,34.7,6.07446050158771,1881.401775
"323","Memphis, TN",2023,609736,236680.895769918,51399,33.9,7.4547311427043,1788.3482375
"324","Milwaukee, WI",2005,547275,201911.37012772,32666,31.8,8.05478039310847,2170.40272131148
"325","Milwaukee, WI",2006,552369,218158.203080092,33990,32.2,9.68186700855886,2245.42468032787
"326","Milwaukee, WI",2007,571962,221919.137683122,35281,31.9,9.40124884366328,2196.57317213115
"327","Milwaukee, WI",2008,570813,220344.355846304,37331,32,11.5012675275291,1968.01790163934
"328","Milwaukee, WI",2009,596117,203325.761397599,34868,31.3,7.73220865816058,1612.97211885246
"329","Milwaukee, WI",2010,585667,197350.388660511,32911,30.5,6.48988482940085,1799.65466803279
"330","Milwaukee, WI",2011,589185,185973.736670233,33122,31,15.7608002416837,1935.74101229508
"331","Milwaukee, WI",2012,590189,173688.832037367,34042,30.5,13.0761222323581,1958.42206967213
"332","Milwaukee, WI",2013,590337,174292.191792448,35186,31.1,11.328142199582,1939.2304057377
"333","Milwaukee, WI",2014,592299,183205.319130308,35049,31.6,10.4924400984545,2012.50766803279
"334","Milwaukee, WI",2015,592277,188381.405783713,37495,31.6,8.6690084443573,1935.74101229508
"335","Milwaukee, WI",2016,587264,197624.157007477,38097,31,7.97656346449652,1899.9747295082
"336","Milwaukee, WI",2017,587109,209055.191602723,39098,31.9,6.22867305929148,2004.65653278689
"337","Milwaukee, WI",2018,584202,220097.595780442,42087,31.5,5.2771513921729,2138.12583196721
"338","Milwaukee, WI",2019,581896,232240.350992143,44192,31.5,5.25184859672737,2053.50804098361
"339","Milwaukee, WI",2020,584166,245693.386302146,43125,31.4,6.34217579547797,1894.74063934426
"340","Milwaukee, WI",2021,562597,268874.181017518,46637,32.3,6.9564750711104,2080.55084016393
"341","Milwaukee, WI",2022,558292,288431.405572679,49270,32.6,4.99717134695946,2098.8701557377
"342","Milwaukee, WI",2023,555962,309214.930906457,52992,32.6,5.10764858709053,1995.06070081967
"343","Minneapolis, MN",2005,344377,238437.489903044,41829,32.1,11.3729409883256,2437.98927131783
"344","Minneapolis, MN",2006,363023,251872.955922229,43369,33.6,12.6237791683724,2522.26060465116
"345","Minneapolis, MN",2007,345870,252019.777316887,44423,35.3,13.2279857508906,2467.38624806202
"346","Minneapolis, MN",2008,354669,241077.663583094,48724,34.1,12.2655955171822,2210.65265116279
"347","Minneapolis, MN",2009,379856,214389.732533321,45538,31.6,10.9540672553072,1811.83366666667
"348","Minneapolis, MN",2010,377496,203061.056257987,46508,31.7,8.05752779413293,2021.53210077519
"349","Minneapolis, MN",2011,383230,192552.479921007,46682,32.3,9.94809688581315,2174.39637984496
"350","Minneapolis, MN",2012,387471,174122.458784496,47604,31.4,8.67615856122861,2199.87375968992
"351","Minneapolis, MN",2013,394721,190503.627253933,50563,32.1,7.95208333333333,2178.31597674419
"352","Minneapolis, MN",2014,400388,211845.719559374,50791,31.8,6.69204087524754,2260.62751162791
"353","Minneapolis, MN",2015,405097,221518.44525005,54571,32.4,5.67664841365056,2174.39637984496
"354","Minneapolis, MN",2016,406880,236173.86029186,56255,32,5.77654349066504,2134.22051162791
"355","Minneapolis, MN",2017,417374,251444.711043537,60789,32.4,4.22921147995272,2251.80841860465
"356","Minneapolis, MN",2018,420132,268704.559650056,63590,32.2,5.11669204437919,2401.733
"357","Minneapolis, MN",2019,423224,284595.022939299,65889,32.2,4.40019449219543,2306.6827751938
"358","Minneapolis, MN",2020,419286,297486.741034496,66068,32.3,5.24865844336749,2128.34111627907
"359","Minneapolis, MN",2021,421177,322980.856066184,69397,33.5,8.44710353406238,2337.05965116279
"360","Minneapolis, MN",2022,419839,356853.724467203,74473,33.3,4.64246108987135,2357.63753488372
"361","Minneapolis, MN",2023,419780,367720.646873801,81001,33.3,3.87829239308654,2241.02952713178
"362","Omaha, NE",2005,367570,141894.643375364,40484,34.1,12.4775829642662,2081.69417054264
"363","Omaha, NE",2006,376136,147507.472410241,42321,34.4,14.3802631578947,2153.6498372093
"364","Omaha, NE",2007,368322,151858.732506967,45170,34.5,15.4579580715962,2106.79498449612
"365","Omaha, NE",2008,382393,149156.572481298,44358,34.9,17.5087024663862,1887.58120930233
"366","Omaha, NE",2009,447351,141249.844368957,46595,33.1,13.2895054282268,1547.04683333333
"367","Omaha, NE",2010,402754,147027.44995938,43813,33.6,11.2905940594059,1726.09930620155
"368","Omaha, NE",2011,408861,139988.832400208,45536,34,9.14587398940619,1856.62353875969
"369","Omaha, NE",2012,415971,137605.866323632,45159,33.5,7.6276347844508,1878.37757751938
"370","Omaha, NE",2013,428796,140149.903287636,47512,34.2,5.07378114566785,1859.97031395349
"371","Omaha, NE",2014,439363,145201.779045136,48410,34.2,5.96979949926205,1930.25259302326
"372","Omaha, NE",2015,438025,149227.002491002,51407,34.2,4.11771626413889,1856.62353875969
"373","Omaha, NE",2016,441230,158494.17411867,52672,34.7,4.80600551817691,1822.31909302326
"374","Omaha, NE",2017,460242,166297.754708511,56406,34.5,4.34845111683548,1922.72234883721
"375","Omaha, NE",2018,460915,177739.151425026,59266,35.1,4.51662193664662,2050.7365
"376","Omaha, NE",2019,470662,187844.0062171,61305,34.6,4.74637958777105,1969.57720155039
"377","Omaha, NE",2020,472540,200644.448008279,62213,34.9,4.40730008251933,1817.29893023256
"378","Omaha, NE",2021,481080,222853.833169107,62948,35.6,4.12911770078548,1995.51470930233
"379","Omaha, NE",2022,477774,245576.217547754,67450,35.3,3.31604220898207,2013.08527906977
"380","Omaha, NE",2023,478300,269196.690834412,71238,35.9,3.26720422269324,1913.51871705426
"381","Orlando, FL",2005,216837,182152.54385897,36699,33.2,15.2345501955671,2804.014875
"382","Orlando, FL",2006,215687,241485.832264041,42036,33.1,15.5835780870898,2900.93821875
"383","Orlando, FL",2007,220265,266076.178192738,43761,31.8,15.6566279930881,2837.82534375
"384","Orlando, FL",2008,228973,240915.384024839,43127,34.2,10.9997550620509,2542.54725
"385","Orlando, FL",2009,232369,182059.627248204,39881,32.3,7.04625795374205,2083.851890625
"386","Orlando, FL",2010,235901,147762.601138348,38098,32.4,7.09681104708921,2325.033234375
"387","Orlando, FL",2011,240837,133568.712419489,40275,33,9.54752531540803,2500.847671875
"388","Orlando, FL",2012,246155,124046.840171943,41695,32.4,11.6934728782173,2530.150078125
"389","Orlando, FL",2013,252370,135615.318996187,41345,33.6,9.35750666493935,2505.355734375
"390","Orlando, FL",2014,258478,161325.094483405,41081,33.5,6.82815482398316,2600.025046875
"391","Orlando, FL",2015,266949,175805.459464754,44804,33.1,7.21577086102681,2500.847671875
"392","Orlando, FL",2016,273775,190086.964858472,46761,33.1,5.50186525124559,2454.64003125
"393","Orlando, FL",2017,275757,206244.878355002,47594,33,5.44984584721746,2589.88190625
"394","Orlando, FL",2018,282131,224841.359474444,51820,33.9,4.69589799324152,2762.315296875
"395","Orlando, FL",2019,283664,242791.542930164,58819,34.6,3.54882486459222,2652.99478125
"396","Orlando, FL",2020,281421,255945.013289196,55183,33.9,5.03455024281814,2447.8779375
"397","Orlando, FL",2021,306378,277667.179721047,54167,35.7,7.7648835323397,2687.932265625
"398","Orlando, FL",2022,313625,333138.801389215,65354,36,4.08722005063621,2711.59959375
"399","Orlando, FL",2023,316702,384214.16140962,69414,35.3,5.2040052851935,2577.484734375
"400","Philadelphia, PA",2005,1384092,199515.351740209,32573,35.3,8.08778640553877,2400.92914705882
"401","Philadelphia, PA",2006,1427922,228025.854218188,33229,35.4,8.08027997110618,2483.91946323529
"402","Philadelphia, PA",2007,1425456,239576.541384343,35365,35.6,9.31071918863643,2429.87925735294
"403","Philadelphia, PA",2008,1425845,239167.038501378,36976,35.7,10.0113433016894,2177.04829411765
"404","Philadelphia, PA",2009,1528196,226266.961974653,37045,34.2,7.24194914419649,1784.29179779412
"405","Philadelphia, PA",2010,1510651,219674.689774628,34400,33.5,6.33586647854119,1990.80258455882
"406","Philadelphia, PA",2011,1515863,212111.88089891,34207,33.4,16.6978803574573,2141.34315808824
"407","Philadelphia, PA",2012,1526107,200090.907259344,35386,33.6,15.8919521436621,2166.43325367647
"408","Philadelphia, PA",2013,1531037,198223.550833969,36836,33.7,13.7962475370337,2145.20317279412
"409","Philadelphia, PA",2014,1536510,204522.174468411,39043,33.8,12.7908049666018,2226.26348161765
"410","Philadelphia, PA",2015,1546208,207392.47204324,41233,34.1,10.9310370710804,2141.34315808824
"411","Philadelphia, PA",2016,1543861,215122.920011858,41449,34.1,9.57833989651663,2101.77800735294
"412","Philadelphia, PA",2017,1562649,223463.684606888,39759,34.4,9.13883509286782,2217.57844852941
"413","Philadelphia, PA",2018,1563422,233547.503371296,46116,34.5,8.17394479559352,2365.22401102941
"414","Philadelphia, PA",2019,1564638,241942.516895718,47474,34.7,8.20274116920085,2271.61865441176
"415","Philadelphia, PA",2020,1559890,253020.077453532,49127,34.6,8.78900435323145,2095.98798529412
"416","Philadelphia, PA",2021,1558765,280295.62978339,52899,35.2,10.4923986274952,2301.53376838235
"417","Philadelphia, PA",2022,1548664,307792.516903876,56517,35.1,7.04720856127167,2321.79884558824
"418","Philadelphia, PA",2023,1530695,331912.068873527,60302,35.6,6.19951711621905,2206.96340808824
"419","Phoenix, AZ",2005,1354304,200405.060403966,42353,30.9,17.9484020889033,2462.83727272727
"420","Phoenix, AZ",2006,1405474,286482.744398772,46645,31.7,21.2960412067697,2547.9675
"421","Phoenix, AZ",2007,1485653,290097.952643854,48061,31.4,18.750961180702,2492.53386363636
"422","Phoenix, AZ",2008,1494910,263124.923427396,50140,32.2,18.5344349985672,2233.18363636364
"423","Phoenix, AZ",2009,1566230,188846.940312373,47085,31.4,8.85852165725047,1830.29988636364
"424","Phoenix, AZ",2010,1428327,159756.42676941,42260,32.4,8.66802704513614,2042.13556818182
"425","Phoenix, AZ",2011,1447691,141663.642421964,43960,32.8,10.9885430451082,2196.55784090909
"426","Phoenix, AZ",2012,1466025,134495.96609811,44153,32.9,9.69519757315759,2222.29488636364
"427","Phoenix, AZ",2013,1488825,165192.745607261,46601,32.8,9.08690718945853,2200.51738636364
"428","Phoenix, AZ",2014,1516220,196380.348536417,47929,33.2,8.19159663424785,2283.66784090909
"429","Phoenix, AZ",2015,1542578,204581.623922151,48452,33.8,6.22701259603232,2196.55784090909
"430","Phoenix, AZ",2016,1590170,224658.200622376,52062,33.4,5.90751782614485,2155.9725
"431","Phoenix, AZ",2017,1604130,238635.851665153,56696,33.8,5.54519303702361,2274.75886363636
"432","Phoenix, AZ",2018,1638454,255694.959131803,57957,33.5,4.78144237674516,2426.21147727273
"433","Phoenix, AZ",2019,1660734,275690.319263255,60931,34.4,4.39431298918699,2330.1925
"434","Phoenix, AZ",2020,1637201,293950.078928317,60914,33.9,5.35421548698374,2150.03318181818
"435","Phoenix, AZ",2021,1604577,339568.136420756,68435,34.5,5.93205216277716,2360.87897727273
"436","Phoenix, AZ",2022,1625768,438741.468547386,75969,35.1,4.32495357724916,2381.66659090909
"437","Phoenix, AZ",2023,1634990,450270.711737473,79664,34.9,4.39131705326768,2263.87011363636
"438","Pittsburgh, PA",2005,281188,108481.245527828,30278,38.4,9.56223120031279,2248.52071641791
"439","Pittsburgh, PA",2006,292924,113226.530245663,31779,37.9,13.4391308300755,2326.24289552239
"440","Pittsburgh, PA",2007,288027,115856.981981858,32363,36.6,14.2737157107232,2275.63310447761
"441","Pittsburgh, PA",2008,294264,118485.665450511,36709,36.2,14.6123115336598,2038.85158208955
"442","Pittsburgh, PA",2009,308590,117640.899683844,37461,34.5,10.5674762542232,1671.02685074627
"443","Pittsburgh, PA",2010,302709,120418.70618047,36196,33,8.90221534721839,1864.42855223881
"444","Pittsburgh, PA",2011,305051,122541.13980787,35947,34.4,10.8211858030123,2005.41297014925
"445","Pittsburgh, PA",2012,303049,121071.432617295,39884,33,9.33352637420974,2028.91037313433
"446","Pittsburgh, PA",2013,302193,122996.545095567,42004,33.7,7.99041611063933,2009.02795522388
"447","Pittsburgh, PA",2014,301843,127490.286429635,41074,32.8,8.25836752915563,2084.94264179104
"448","Pittsburgh, PA",2015,301549,132416.119637279,41293,32.9,7.01322174903437,2005.41297014925
"449","Pittsburgh, PA",2016,301325,139115.864992964,44707,33.5,6.49488556258811,1968.35937313433
"450","Pittsburgh, PA",2017,299597,143746.549786459,45851,33.3,5.44291120186628,2076.80892537313
"451","Pittsburgh, PA",2018,298041,149782.925847764,47417,34,4.55803363268074,2215.08210447761
"452","Pittsburgh, PA",2019,297682,155290.686577879,53799,33.3,5.28749017438644,2127.41871641791
"453","Pittsburgh, PA",2020,298260,163497.213374594,50536,33.4,5.35745160347942,1962.93689552239
"454","Pittsburgh, PA",2021,298278,181728.955728693,57821,34.2,7.18584947848052,2155.43485074627
"455","Pittsburgh, PA",2022,300449,195295.130483034,63380,33.1,5.34124453541407,2174.41352238806
"456","Pittsburgh, PA",2023,300292,201647.231733908,66219,34.1,4.9221889896252,2066.86771641791
"457","Portland, OR",2005,505427,224313.262933725,42287,36.4,12.6367090844821,3070.21084848485
"458","Portland, OR",2006,531136,271016.156204153,44273,37.1,15.8012697091117,3176.3355
"459","Portland, OR",2007,543033,305623.008657624,47143,37.8,15.4236152769446,3107.23107575758
"460","Portland, OR",2008,553301,309033.615896535,50979,37.3,14.0979692524558,2783.92109090909
"461","Portland, OR",2009,558421,279472.377913081,50203,35.3,8.59089506966223,2281.68000757576
"462","Portland, OR",2010,577463,256840.604400213,47185,35.5,8.19420132639728,2545.75762878788
"463","Portland, OR",2011,588652,239948.471215301,47033,35.7,9.72430075532831,2738.26281060606
"464","Portland, OR",2012,597229,221911.491086038,52158,36.6,9.70036559022255,2770.34700757576
"465","Portland, OR",2013,603324,235544.777038126,55571,36.6,9.03797302717479,2743.19884090909
"466","Portland, OR",2014,613097,265062.030218971,54624,37.1,7.4069239421755,2846.85547727273
"467","Portland, OR",2015,624849,286777.362269667,60892,36.7,6.4569978996754,2738.26281060606
"468","Portland, OR",2016,633013,325885.769013446,62127,36.7,4.97853453058762,2687.6685
"469","Portland, OR",2017,641113,364017.607512633,66187,36.8,4.65404732123972,2835.74940909091
"470","Portland, OR",2018,647558,387261.176247807,73097,37.6,4.00293149186098,3024.55256818182
"471","Portland, OR",2019,648136,401369.58433478,76231,37.5,3.8458861289782,2904.85383333333
"472","Portland, OR",2020,644608,414925.003328099,73159,37.5,5.29811708759077,2680.26445454545
"473","Portland, OR",2021,637452,457917.100822729,79057,38.3,7.12040067953924,2943.10806818182
"474","Portland, OR",2022,628521,528302.329732751,81119,38.5,4.52743918443625,2969.02222727273
"475","Portland, OR",2023,624727,537346.085855557,86057,39.4,3.8241450410297,2822.17532575758
"476","Raleigh, NC",2005,311788,192476.622367551,48131,32.6,17.2150814842096,2548.18321212121
"477","Raleigh, NC",2006,340336,202293.967364782,51123,32.2,17.6629501005301,2636.2635
"478","Raleigh, NC",2007,349239,214837.586970301,51071,32.3,21.0675590219224,2578.90889393939
"479","Raleigh, NC",2008,362966,223589.226884158,53825,32.3,18.1196701030928,2310.57127272727
"480","Raleigh, NC",2009,398050,216287.761229439,51969,31.8,11.1573942453801,1893.72618939394
"481","Raleigh, NC",2010,401196,209981.766191202,49931,32.2,9.33058566541648,2112.90271969697
"482","Raleigh, NC",2011,410184,204561.254150597,52040,32.2,9.01751487256149,2272.67626515152
"483","Raleigh, NC",2012,417636,194434.985961987,53653,32.4,8.14387354460114,2299.30518939394
"484","Raleigh, NC",2013,426414,198460.739519578,55170,32.8,7.78022566549411,2276.77302272727
"485","Raleigh, NC",2014,434346,208857.681344737,53475,32.4,5.56840700768192,2362.80493181818
"486","Raleigh, NC",2015,447096,218868.428022322,56910,32.8,4.90519127098283,2272.67626515152
"487","Raleigh, NC",2016,453964,234986.178920547,64456,33.8,4.5014704134981,2230.6845
"488","Raleigh, NC",2017,460144,250321.726194088,64660,33.4,3.52570907127028,2353.58722727273
"489","Raleigh, NC",2018,464260,264369.143276968,65695,34.1,3.28741517331058,2510.28820454545
"490","Raleigh, NC",2019,469096,278523.769888227,69333,34.5,4.42855646344018,2410.94183333333
"491","Raleigh, NC",2020,464068,290926.094324862,69720,34,4.2912450310536,2224.53936363636
"492","Raleigh, NC",2021,465968,316144.76225209,74612,35,5.54291748835132,2442.69170454545
"493","Raleigh, NC",2022,471209,395809.692908004,75424,34.6,3.24206294692243,2464.19968181818
"494","Raleigh, NC",2023,477712,432802.016031052,86309,34.9,3.02215063542921,2342.32114393939
"495","Sacramento, CA",2005,438313,370444.236788393,44867,33,11.9734647035772,2879.9183125
"496","Sacramento, CA",2006,430410,432095.331335395,46055,33.2,11.6210623007511,2979.465328125
"497","Sacramento, CA",2007,445672,406381.052899075,49849,33.6,11.6940226006034,2914.644015625
"498","Sacramento, CA",2008,451007,350605.256796268,50958,33.3,9.81901639344262,2611.372875
"499","Sacramento, CA",2009,458403,271752.490178515,47107,32.9,7.25856872067369,2140.2608359375
"500","Sacramento, CA",2010,460918,242502.744797732,46731,33.4,6.25921926461854,2387.9708515625
"501","Sacramento, CA",2011,464380,229964.94431307,47908,33.1,15.6141683883416,2568.5445078125
"502","Sacramento, CA",2012,470283,207878.784179735,48546,34.2,14.8979822552349,2598.6401171875
"503","Sacramento, CA",2013,472456,229421.82640177,48034,34.1,12.4972271990445,2573.1746015625
"504","Sacramento, CA",2014,480443,290664.737025717,48829,33.6,10.3235629996193,2670.4065703125
"505","Sacramento, CA",2015,483176,311321.38103884,52151,33.7,8.23557708537285,2568.5445078125
"506","Sacramento, CA",2016,489282,338164.524468132,55187,34.7,7.18031693891324,2521.086046875
"507","Sacramento, CA",2017,494946,365475.362840185,56943,35.2,8.1637143800198,2659.988859375
"508","Sacramento, CA",2018,502460,397881.036153739,65046,34.3,6.47687916567426,2837.0899453125
"509","Sacramento, CA",2019,508736,415336.52787445,69134,34.8,5.5530541239511,2724.810171875
"510","Sacramento, CA",2020,497705,431866.156818526,65847,34.9,6.67075043034598,2514.14090625
"511","Sacramento, CA",2021,520347,477200.972896398,75311,36.3,7.52760353618723,2760.6933984375
"512","Sacramento, CA",2022,522521,565275.416698804,80254,36,5.006540352708,2785.001390625
"513","Sacramento, CA",2023,520620,563979.454652117,85928,36.2,6.20327975665636,2647.2561015625
"514","Seattle, WA",2005,529917,299643.152813712,49297,36.8,15.6378105223387,3080.260625
"515","Seattle, WA",2006,555858,352198.212910016,58311,37.7,18.8251633986928,3186.73265625
"516","Seattle, WA",2007,570377,398889.774715021,57849,37.9,18.4244106862232,3117.40203125
"517","Seattle, WA",2008,575008,405935.688966084,61786,38.3,22.5432958289302,2793.03375
"518","Seattle, WA",2009,609717,357748.302029157,60843,36.7,14.269056811914,2289.148671875
"519","Seattle, WA",2010,603362,323666.748708304,60212,36.2,10.9619022823917,2554.090703125
"520","Seattle, WA",2011,612350,297615.072646162,61037,35.8,7.20529912423951,2747.226015625
"521","Seattle, WA",2012,626942,266714.37445677,64473,35.9,5.94801753857143,2779.415234375
"522","Seattle, WA",2013,645335,271791.400173033,70172,36.1,5.85327342084099,2752.178203125
"523","Seattle, WA",2014,662250,306945.287999995,70975,36.4,4.46046505944599,2856.174140625
"524","Seattle, WA",2015,678243,328651.262987709,80349,35.5,4.81109745132938,2747.226015625
"525","Seattle, WA",2016,697460,369860.990473619,83476,35.5,4.69191342688959,2696.46609375
"526","Seattle, WA",2017,716870,411681.331586025,86822,35.6,3.98612945110808,2845.03171875
"527","Seattle, WA",2018,737289,465920.485372473,93481,35.2,3.76033031453559,3034.452890625
"528","Seattle, WA",2019,747296,496868.292145654,102486,34.7,3.56819513234276,2914.36234375
"529","Seattle, WA",2020,734270,511502.692576199,97185,35.2,4.09262216947483,2689.0378125
"530","Seattle, WA",2021,727859,579514.320000863,110781,35.5,5.32261937905253,2952.741796875
"531","Seattle, WA",2022,744270,680797.533121349,115409,35.9,3.3449248275748,2978.74078125
"532","Seattle, WA",2023,747884,700059.878247112,120608,35.6,4.17496720275983,2831.413203125
"533","Tampa, FL",2005,307714,169048.252470323,38568,36.2,14.3316080995187,2768.039328
"534","Tampa, FL",2006,317885,211507.508864671,39602,35.1,15.0903154603145,2863.719144
"535","Tampa, FL",2007,330581,227733.699246887,44079,35.4,11.1864406779661,2801.416008
"536","Tampa, FL",2008,335669,201667.486405556,45224,35.8,14.1371804005383,2509.926336
"537","Tampa, FL",2009,339272,161729.670315518,41605,34.8,7.19185435873498,2057.116044
"538","Tampa, FL",2010,332528,139153.283473781,40883,33.7,7.33759686692776,2295.203028
"539","Tampa, FL",2011,342044,128574.885123789,40073,35.1,12.4762894047512,2468.761764
"540","Tampa, FL",2012,343415,116206.529385564,40894,34.4,12.5295625568511,2497.68822
"541","Tampa, FL",2013,349242,124118.312205755,42649,35.5,10.7908189822856,2473.211988
"542","Tampa, FL",2014,354259,143187.833454494,45709,35.5,8.83111641934305,2566.666692
"543","Tampa, FL",2015,365484,154836.496868052,44432,35.3,8.29939755242553,2468.761764
"544","Tampa, FL",2016,373426,170746.462467093,50405,36.2,7.52595684039088,2423.146968
"545","Tampa, FL",2017,381097,188203.049505676,50489,36.6,5.77252977659611,2556.653688
"546","Tampa, FL",2018,388361,205975.461961519,54599,34.6,5.66578939586598,2726.874756
"547","Tampa, FL",2019,394908,220367.663274259,57709,36,3.95776699029126,2618.956824
"548","Tampa, FL",2020,391419,232817.374907565,55634,35.9,5.77329545997953,2416.471632
"549","Tampa, FL",2021,382531,258738.957596696,63404,35.8,5.30641911832856,2653.44606
"550","Tampa, FL",2022,395748,324846.244790025,71089,35.3,4.34184172740825,2676.809736
"551","Tampa, FL",2023,399334,371875.542423333,72851,35.9,3.82619099021301,2544.415572
"552","Tucson, AZ",2005,497334,174185.072014072,34241,32.4,13.4504241781548,2470.3313125
"553","Tucson, AZ",2006,508439,226725.239235148,36095,32.6,15.0157558139535,2555.720578125
"554","Tucson, AZ",2007,513037,235879.680250229,36096,33,14.3919070602761,2500.118265625
"555","Tucson, AZ",2008,530510,223009.080649138,36640,33.2,13.817566864398,2239.978875
"556","Tucson, AZ",2009,533931,191140.58020344,35565,33.1,9.13095238095238,1835.8692109375
"557","Tucson, AZ",2010,515978,171524.134838021,36428,32.8,7.6153661320358,2048.3494765625
"558","Tucson, AZ",2011,519863,156746.039821983,35362,33.8,13.8804785217818,2203.2416328125
"559","Tucson, AZ",2012,517937,136212.564845714,35354,33.3,11.4484607605654,2229.0569921875
"560","Tucson, AZ",2013,519722,153919.23960846,35720,33.3,12.2110427566646,2207.2132265625
"561","Tucson, AZ",2014,521331,167351.144246841,36541,33.4,9.84349004867829,2290.6166953125
"562","Tucson, AZ",2015,523461,172410.651884584,38155,33.6,9.69817154099589,2203.2416328125
"563","Tucson, AZ",2016,523743,178974.895500443,40021,33.4,8.8858032770715,2162.532796875
"564","Tucson, AZ",2017,529237,188631.299760311,41613,34.1,8.46825217813493,2281.680609375
"565","Tucson, AZ",2018,539262,201440.328415888,43676,33.5,5.74404626727832,2433.5940703125
"566","Tucson, AZ",2019,543386,214829.059181372,44365,34.5,6.29150672135215,2337.282921875
"567","Tucson, AZ",2020,539697,231224.423749734,45227,34,7.52344715784175,2156.57540625
"568","Tucson, AZ",2021,535526,261345.753603838,50306,33.6,6.87771729202441,2368.0627734375
"569","Tucson, AZ",2022,540672,318821.306103021,51281,33.8,5.79866097169531,2388.913640625
"570","Tucson, AZ",2023,541472,338931.822862285,55708,35.6,5.05683962513712,2270.7587265625
"571","Tulsa, OK",2005,365149,119011.428512159,35966,35.3,14.0759823431507,1968.28444444444
"572","Tulsa, OK",2006,375773,122572.23661016,36137,36.1,14.0961746271882,2036.32
"573","Tulsa, OK",2007,384454,126631.155753132,38270,35.6,16.7827542904981,1992.01777777778
"574","Tulsa, OK",2008,383487,128703.725609384,39657,35.8,21.9126742160279,1784.74666666667
"575","Tulsa, OK",2009,383104,128249.297829246,38426,34.9,13.8435727134357,1462.76444444444
"576","Tulsa, OK",2010,388405,128489.29244154,38220,35.1,10.6404802929141,1632.06222222222
"577","Tulsa, OK",2011,390146,126555.345950078,40123,34.8,8.01035238295974,1755.47555555556
"578","Tulsa, OK",2012,388349,122320.595855998,40440,34.8,7.86206624527911,1776.04444444444
"579","Tulsa, OK",2013,392521,124317.416528003,41495,34.7,7.1739855911741,1758.64
"580","Tulsa, OK",2014,394069,127282.157602943,42803,35.4,5.58146320114761,1825.09333333333
"581","Tulsa, OK",2015,396815,132175.712738759,43322,35,6.37793068790227,1755.47555555556
"582","Tulsa, OK",2016,398007,133695.855264174,43134,34.5,7.0080467463687,1723.04
"583","Tulsa, OK",2017,396452,142860.749094446,45894,35.5,6.8544664807455,1817.97333333333
"584","Tulsa, OK",2018,396675,144607.245823914,47583,35.4,5.03136267101299,1939.01333333333
"585","Tulsa, OK",2019,396163,151946.726195816,49158,35.5,5.54765569644995,1862.27555555556
"586","Tulsa, OK",2020,397188,161056.201193772,49474,35.2,6.21319084207652,1718.29333333333
"587","Tulsa, OK",2021,406721,179646.535083284,51008,35.9,7.05424721504147,1886.8
"588","Tulsa, OK",2022,407633,205717.60600023,54040,35.8,4.8335332293558,1903.41333333333
"589","Tulsa, OK",2023,405937,223513.986698833,56821,35.7,6.02302795566975,1809.27111111111
"590","Washington, DC",2005,505886,353870.310623758,47221,35.9,10.9588597722664,2342.97578947368
"591","Washington, DC",2006,572680,425827.446852735,51847,35,11.7886860221491,2423.96289473684
"592","Washington, DC",2007,579800,431580.11502665,54317,34.9,12.3813879266726,2371.22710526316
"593","Washington, DC",2008,584439,401361.672295977,57936,34.9,12.881559045957,2124.49894736842
"594","Washington, DC",2009,592109,339165.992536158,59290,35.1,9.01327699018539,1741.22276315789
"595","Washington, DC",2010,596747,319790.067157236,60903,33.9,8.06021053625378,1942.74881578947
"596","Washington, DC",2011,611608,318414.811862658,63124,33.4,11.3774419872005,2089.65565789474
"597","Washington, DC",2012,624847,314068.095518504,66583,33.7,10.3429080688284,2114.14013157895
"598","Washington, DC",2013,636535,336099.631542736,67572,33.8,10.4465694721872,2093.4225
"599","Washington, DC",2014,648586,362697.904796302,71648,33.8,8.8595043065936,2172.52618421053
"600","Washington, DC",2015,663006,373022.696856016,75628,33.8,7.25063813833093,2089.65565789474
"601","Washington, DC",2016,672022,383018.369391202,75506,33.9,6.91959501525837,2051.04552631579
"602","Washington, DC",2017,684810,391994.521571568,82372,34,6.59077794163342,2164.05078947368
"603","Washington, DC",2018,693798,405671.256961444,85203,33.9,7.54118968977593,2308.1325
"604","Washington, DC",2019,697556,418772.380169796,92266,34.3,6.26380691348715,2216.78657894737
"605","Washington, DC",2020,693253,434866.175839387,90842,34.1,7.11962625000608,2045.39526315789
"606","Washington, DC",2021,661026,473189.903986264,90088,34.8,8.20076095126657,2245.97960526316
"607","Washington, DC",2022,660942,514290.971029187,101027,34.9,5.1126224748849,2265.75552631579
"608","Washington, DC",2023,670127,532275.461912279,108210,34.9,5.25893867112576,2153.69197368421
"609","Wichita, KS",2005,347984,109902.90989428,40115,34.2,12.3180492976411,1981.808625
"610","Wichita, KS",2006,351349,107354.068819682,41089,34.8,13.0968234151755,2050.31165625
"611","Wichita, KS",2007,355266,111378.148773702,42696,35,15.2453436095055,2005.70503125
"612","Wichita, KS",2008,358047,114261.777918679,44211,34,16.4089394068883,1797.00975
"613","Wichita, KS",2009,364108,115047.300787412,44405,34.3,9.89780615088413,1472.815171875
"614","Wichita, KS",2010,378148,117629.032166084,42694,33.9,8.73496280552604,1643.276203125
"615","Wichita, KS",2011,379792,114371.627302078,44184,34.3,10.462393034079,1767.537515625
"616","Wichita, KS",2012,380372,110632.660398673,43776,35.1,8.03478758813214,1788.247734375
"617","Wichita, KS",2013,380784,111972.287113485,43538,34,7.48211581640645,1770.723703125
"618","Wichita, KS",2014,382385,112149.596420072,45477,34,6.84802110817942,1837.633640625
"619","Wichita, KS",2015,383590,115130.546460802,46894,34.6,4.99433097929155,1767.537515625
"620","Wichita, KS",2016,385045,121298.549765246,49202,34.7,5.75430981330308,1734.87909375
"621","Wichita, KS",2017,385843,124458.587128474,50504,35.9,6.68971964495733,1830.46471875
"622","Wichita, KS",2018,382995,128795.614263263,51051,35.3,4.90129237309378,1952.336390625
"623","Wichita, KS",2019,384278,134578.073415414,55056,35.3,5.50721908971094,1875.07134375
"624","Wichita, KS",2020,385454,144698.977594438,53466,35.3,5.57098100936911,1730.0998125
"625","Wichita, KS",2021,390384,158485.933434206,56293,35.6,7.20333752993162,1899.764296875
"626","Wichita, KS",2022,393547,177256.373997405,59277,36.2,6.02561638502442,1916.49178125
"627","Wichita, KS",2023,392189,194398.312508856,61281,36.8,4.09388487464236,1821.702703125
