,Dropoff Location,Year,TruckingCost
0,"Albuquerque, NM",2005,2110.947612903226
1,"Albuquerque, NM",2006,2183.914451612903
2,"Albuquerque, NM",2007,2136.4011612903223
3,"Albuquerque, NM",2008,1914.1068387096773
4,"Albuquerque, NM",2009,1568.7870322580645
5,"Albuquerque, NM",2010,1750.355677419355
6,"Albuquerque, NM",2011,1882.7141290322581
7,"Albuquerque, NM",2012,1904.7738709677421
8,"Albuquerque, NM",2013,1886.107935483871
9,"Albuquerque, NM",2014,1957.377870967742
10,"Albuquerque, NM",2015,1882.7141290322581
11,"Albuquerque, NM",2016,1847.9276129032257
12,"Albuquerque, NM",2017,1949.741806451613
13,"Albuquerque, NM",2018,2079.554903225807
14,"Albuquerque, NM",2019,1997.2550967741938
15,"Albuquerque, NM",2020,1842.8369032258067
16,"Albuquerque, NM",2021,2023.5570967741935
17,"Albuquerque, NM",2022,2041.3745806451616
18,"Albuquerque, NM",2023,1940.4088387096774
19,"Atlanta, GA",2005,2039.851570247934
20,"Atlanta, GA",2006,2110.360909090909
21,"Atlanta, GA",2007,2064.4478512396695
22,"Atlanta, GA",2008,1849.6403305785122
23,"Atlanta, GA",2009,1515.9507851239669
24,"Atlanta, GA",2010,1691.4042561983472
25,"Atlanta, GA",2011,1819.3049173553718
26,"Atlanta, GA",2012,1840.6216942148762
27,"Atlanta, GA",2013,1822.5844214876033
28,"Atlanta, GA",2014,1891.4540082644628
29,"Atlanta, GA",2015,1819.3049173553718
30,"Atlanta, GA",2016,1785.69
31,"Atlanta, GA",2017,1884.0751239669423
32,"Atlanta, GA",2018,2009.5161570247935
33,"Atlanta, GA",2019,1929.9881818181818
34,"Atlanta, GA",2020,1780.770743801653
35,"Atlanta, GA",2021,1955.404338842975
36,"Atlanta, GA",2022,1972.6217355371903
37,"Atlanta, GA",2023,1875.0564876033059
38,"Austin, TX",2005,2290.0936451612906
39,"Austin, TX",2006,2369.2528306451613
40,"Austin, TX",2007,2317.707314516129
41,"Austin, TX",2008,2076.547935483871
42,"Austin, TX",2009,1701.9224879032258
43,"Austin, TX",2010,1898.8999959677421
44,"Austin, TX",2011,2042.4910766129033
45,"Austin, TX",2012,2066.422923387097
46,"Austin, TX",2013,2046.1728991935483
47,"Austin, TX",2014,2123.4911733870968
48,"Austin, TX",2015,2042.4910766129033
49,"Austin, TX",2016,2004.7523951612905
50,"Austin, TX",2017,2115.207072580645
51,"Austin, TX",2018,2256.0367862903227
52,"Austin, TX",2019,2166.7525887096776
53,"Austin, TX",2020,1999.2296612903228
54,"Austin, TX",2021,2195.2867137096773
55,"Austin, TX",2022,2214.6162822580645
56,"Austin, TX",2023,2105.082060483871
57,"Baltimore, MD",2005,2225.5931472868215
58,"Baltimore, MD",2006,2302.5228139534884
59,"Baltimore, MD",2007,2252.4290775193795
60,"Baltimore, MD",2008,2018.061953488372
61,"Baltimore, MD",2009,1653.9878333333334
62,"Baltimore, MD",2010,1845.4174689922481
63,"Baltimore, MD",2011,1984.9643062015502
64,"Baltimore, MD",2012,2008.222112403101
65,"Baltimore, MD",2013,1988.542430232558
66,"Baltimore, MD",2014,2063.6830348837207
67,"Baltimore, MD",2015,1984.9643062015502
68,"Baltimore, MD",2016,1948.2885348837208
69,"Baltimore, MD",2017,2055.6322558139536
70,"Baltimore, MD",2018,2192.4955
71,"Baltimore, MD",2019,2105.725992248062
72,"Baltimore, MD",2020,1942.9213488372095
73,"Baltimore, MD",2021,2133.456453488372
74,"Baltimore, MD",2022,2152.241604651163
75,"Baltimore, MD",2023,2045.7924147286822
76,"Boston, MA",2005,2605.892923076923
77,"Boston, MA",2006,2695.968
78,"Boston, MA",2007,2637.3144615384617
79,"Boston, MA",2008,2362.8996923076925
80,"Boston, MA",2009,1936.614153846154
81,"Boston, MA",2010,2160.754461538462
82,"Boston, MA",2011,2324.1464615384616
83,"Boston, MA",2012,2351.378461538462
84,"Boston, MA",2013,2328.3360000000002
85,"Boston, MA",2014,2416.316307692308
86,"Boston, MA",2015,2324.1464615384616
87,"Boston, MA",2016,2281.2036923076926
88,"Boston, MA",2017,2406.8898461538465
89,"Boston, MA",2018,2567.1396923076927
90,"Boston, MA",2019,2465.543384615385
91,"Boston, MA",2020,2274.919384615385
92,"Boston, MA",2021,2498.012307692308
93,"Boston, MA",2022,2520.007384615385
94,"Boston, MA",2023,2395.3686153846156
95,"Charlotte, NC",2005,2411.52315625
96,"Charlotte, NC",2006,2494.8796640625
97,"Charlotte, NC",2007,2440.6010078124996
98,"Charlotte, NC",2008,2186.6544375
99,"Charlotte, NC",2009,1792.16491796875
100,"Charlotte, NC",2010,1999.58692578125
101,"Charlotte, NC",2011,2150.79175390625
102,"Charlotte, NC",2012,2175.99255859375
103,"Charlotte, NC",2013,2154.66880078125
104,"Charlotte, NC",2014,2236.08678515625
105,"Charlotte, NC",2015,2150.79175390625
106,"Charlotte, NC",2016,2111.0520234375
107,"Charlotte, NC",2017,2227.3634296875002
108,"Charlotte, NC",2018,2375.66047265625
109,"Charlotte, NC",2019,2281.6420859375003
110,"Charlotte, NC",2020,2105.236453125
111,"Charlotte, NC",2021,2311.6891992187498
112,"Charlotte, NC",2022,2332.0436953125
113,"Charlotte, NC",2023,2216.70155078125
114,"Chicago, IL",2005,1946.2531707317073
115,"Chicago, IL",2006,2013.527195121951
116,"Chicago, IL",2007,1969.7208536585365
117,"Chicago, IL",2008,1764.7697560975607
118,"Chicago, IL",2009,1446.3915243902438
119,"Chicago, IL",2010,1613.7943292682928
120,"Chicago, IL",2011,1735.8262804878048
121,"Chicago, IL",2012,1756.1649390243904
122,"Chicago, IL",2013,1738.9553048780488
123,"Chicago, IL",2014,1804.6648170731708
124,"Chicago, IL",2015,1735.8262804878048
125,"Chicago, IL",2016,1703.7537804878048
126,"Chicago, IL",2017,1797.624512195122
127,"Chicago, IL",2018,1917.3096951219513
128,"Chicago, IL",2019,1841.4308536585365
129,"Chicago, IL",2020,1699.0602439024392
130,"Chicago, IL",2021,1865.6807926829267
131,"Chicago, IL",2022,1882.1081707317073
132,"Chicago, IL",2023,1789.0196951219511
133,"Cincinnati, OH",2005,1814.3156875
134,"Cincinnati, OH",2006,1877.029171875
135,"Cincinnati, OH",2007,1836.1924843749998
136,"Cincinnati, OH",2008,1645.1351249999998
137,"Cincinnati, OH",2009,1348.3399140625
138,"Cincinnati, OH",2010,1504.3943984375
139,"Cincinnati, OH",2011,1618.1537421874998
140,"Cincinnati, OH",2012,1637.1136328125
141,"Cincinnati, OH",2013,1621.0706484374998
142,"Cincinnati, OH",2014,1682.3256796875
143,"Cincinnati, OH",2015,1618.1537421874998
144,"Cincinnati, OH",2016,1588.255453125
145,"Cincinnati, OH",2017,1675.7626406250001
146,"Cincinnati, OH",2018,1787.3343046875
147,"Cincinnati, OH",2019,1716.599328125
148,"Cincinnati, OH",2020,1583.88009375
149,"Cincinnati, OH",2021,1739.2053515624998
150,"Cincinnati, OH",2022,1754.5191093750002
151,"Cincinnati, OH",2023,1667.7411484375
152,"Cleveland, OH",2005,1955.05290625
153,"Cleveland, OH",2006,2022.6311015625
154,"Cleveland, OH",2007,1978.6266953124998
155,"Cleveland, OH",2008,1772.7489374999998
156,"Cleveland, OH",2009,1452.93119921875
157,"Cleveland, OH",2010,1621.0908945312501
158,"Cleveland, OH",2011,1743.67459765625
159,"Cleveland, OH",2012,1764.10521484375
160,"Cleveland, OH",2013,1746.81776953125
161,"Cleveland, OH",2014,1812.8243789062499
162,"Cleveland, OH",2015,1743.67459765625
163,"Cleveland, OH",2016,1711.4570859374999
164,"Cleveland, OH",2017,1805.7522421875
165,"Cleveland, OH",2018,1925.9785664062501
166,"Cleveland, OH",2019,1849.7566484375
167,"Cleveland, OH",2020,1706.742328125
168,"Cleveland, OH",2021,1874.1162304687498
169,"Cleveland, OH",2022,1890.6178828125
170,"Cleveland, OH",2023,1797.1085195312498
171,"Columbus, OH",2005,1898.071875
172,"Columbus, OH",2006,1963.6804687499998
173,"Columbus, OH",2007,1920.9585937499999
174,"Columbus, OH",2008,1721.0812499999997
175,"Columbus, OH",2009,1410.584765625
176,"Columbus, OH",2010,1573.843359375
177,"Columbus, OH",2011,1692.8542968749998
178,"Columbus, OH",2012,1712.689453125
179,"Columbus, OH",2013,1695.9058593749999
180,"Columbus, OH",2014,1759.988671875
181,"Columbus, OH",2015,1692.8542968749998
182,"Columbus, OH",2016,1661.5757812499999
183,"Columbus, OH",2017,1753.12265625
184,"Columbus, OH",2018,1869.844921875
185,"Columbus, OH",2019,1795.84453125
186,"Columbus, OH",2020,1656.9984375000001
187,"Columbus, OH",2021,1819.4941406249998
188,"Columbus, OH",2022,1835.5148437500002
189,"Columbus, OH",2023,1744.730859375
190,"Dallas, TX",2005,1902.90209375
191,"Dallas, TX",2006,1968.6776484374998
192,"Dallas, TX",2007,1925.8470546874998
193,"Dallas, TX",2008,1725.4610624999998
194,"Dallas, TX",2009,1414.17442578125
195,"Dallas, TX",2010,1577.84848046875
196,"Dallas, TX",2011,1697.1622773437498
197,"Dallas, TX",2012,1717.04791015625
198,"Dallas, TX",2013,1700.2216054687499
199,"Dallas, TX",2014,1764.46749609375
200,"Dallas, TX",2015,1697.1622773437498
201,"Dallas, TX",2016,1665.8041640625
202,"Dallas, TX",2017,1757.5840078125
203,"Dallas, TX",2018,1874.60330859375
204,"Dallas, TX",2019,1800.4146015625001
205,"Dallas, TX",2020,1661.2151718750001
206,"Dallas, TX",2021,1824.12439453125
207,"Dallas, TX",2022,1840.1858671875002
208,"Dallas, TX",2023,1749.17085546875
209,"Denver, CO",2005,1946.6073125
210,"Denver, CO",2006,2013.893578125
211,"Denver, CO",2007,1970.0792656249998
212,"Denver, CO",2008,1765.0908749999999
213,"Denver, CO",2009,1446.6547109374999
214,"Denver, CO",2010,1614.0879765625002
215,"Denver, CO",2011,1736.1421328125
216,"Denver, CO",2012,1756.4844921875
217,"Denver, CO",2013,1739.2717265625
218,"Denver, CO",2014,1804.9931953125
219,"Denver, CO",2015,1736.1421328125
220,"Denver, CO",2016,1704.063796875
221,"Denver, CO",2017,1797.951609375
222,"Denver, CO",2018,1917.6585703125002
223,"Denver, CO",2019,1841.765921875
224,"Denver, CO",2020,1699.36940625
225,"Denver, CO",2021,1866.0202734374998
226,"Denver, CO",2022,1882.450640625
227,"Denver, CO",2023,1789.3452265624999
228,"Detroit, MI",2005,1973.8263937007875
229,"Detroit, MI",2006,2042.0535118110236
230,"Detroit, MI",2007,1997.6265511811023
231,"Detroit, MI",2008,1789.771842519685
232,"Detroit, MI",2009,1466.8830393700787
233,"Detroit, MI",2010,1636.6574960629923
234,"Detroit, MI",2011,1760.41831496063
235,"Detroit, MI",2012,1781.0451181102364
236,"Detroit, MI",2013,1763.5916692913386
237,"Detroit, MI",2014,1830.2321102362205
238,"Detroit, MI",2015,1760.41831496063
239,"Detroit, MI",2016,1727.8914330708662
240,"Detroit, MI",2017,1823.092062992126
241,"Detroit, MI",2018,1944.4728661417325
242,"Detroit, MI",2019,1867.5190236220474
243,"Detroit, MI",2020,1723.1314015748032
244,"Detroit, MI",2021,1892.1125196850394
245,"Detroit, MI",2022,1908.77262992126
246,"Detroit, MI",2023,1814.3653385826772
247,"Fresno, CA",2005,2870.01490625
248,"Fresno, CA",2006,2969.2196015625
249,"Fresno, CA",2007,2904.6211953125
250,"Fresno, CA",2008,2602.3929375
251,"Fresno, CA",2009,2132.90094921875
252,"Fresno, CA",2010,2379.75914453125
253,"Fresno, CA",2011,2559.71184765625
254,"Fresno, CA",2012,2589.7039648437503
255,"Fresno, CA",2013,2564.32601953125
256,"Fresno, CA",2014,2661.22362890625
257,"Fresno, CA",2015,2559.71184765625
258,"Fresno, CA",2016,2512.4165859375
259,"Fresno, CA",2017,2650.8417421875
260,"Fresno, CA",2018,2827.33381640625
261,"Fresno, CA",2019,2715.4401484375003
262,"Fresno, CA",2020,2505.495328125
263,"Fresno, CA",2021,2751.19998046875
264,"Fresno, CA",2022,2775.4243828125
265,"Fresno, CA",2023,2638.1527695312498
266,"Houston, TX",2005,2017.4670322580646
267,"Houston, TX",2006,2087.202629032258
268,"Houston, TX",2007,2041.7934032258063
269,"Houston, TX",2008,1829.3430967741933
270,"Houston, TX",2009,1499.3153306451613
271,"Houston, TX",2010,1672.8434435483873
272,"Houston, TX",2011,1799.3405725806451
273,"Houston, TX",2012,1820.423427419355
274,"Houston, TX",2013,1802.5840887096772
275,"Houston, TX",2014,1870.6979274193548
276,"Houston, TX",2015,1799.3405725806451
277,"Houston, TX",2016,1766.0945322580644
278,"Houston, TX",2017,1863.4000161290323
279,"Houston, TX",2018,1987.4645080645162
280,"Houston, TX",2019,1908.809241935484
281,"Houston, TX",2020,1761.2292580645162
282,"Houston, TX",2021,1933.9464919354837
283,"Houston, TX",2022,1950.9749516129034
284,"Houston, TX",2023,1854.4803467741935
285,"Jacksonville, FL",2005,2502.08208
286,"Jacksonville, FL",2006,2588.56884
287,"Jacksonville, FL",2007,2532.25188
288,"Jacksonville, FL",2008,2268.76896
289,"Jacksonville, FL",2009,1859.46534
290,"Jacksonville, FL",2010,2074.6765800000003
291,"Jacksonville, FL",2011,2231.5595399999997
292,"Jacksonville, FL",2012,2257.7067
293,"Jacksonville, FL",2013,2235.58218
294,"Jacksonville, FL",2014,2320.05762
295,"Jacksonville, FL",2015,2231.5595399999997
296,"Jacksonville, FL",2016,2190.32748
297,"Jacksonville, FL",2017,2311.00668
298,"Jacksonville, FL",2018,2464.87266
299,"Jacksonville, FL",2019,2367.32364
300,"Jacksonville, FL",2020,2184.29352
301,"Jacksonville, FL",2021,2398.4990999999995
302,"Jacksonville, FL",2022,2419.61796
303,"Jacksonville, FL",2023,2299.94442
304,"Memphis, TN",2005,1945.5227
305,"Memphis, TN",2006,2012.7714749999998
306,"Memphis, TN",2007,1968.9815749999998
307,"Memphis, TN",2008,1764.1073999999999
308,"Memphis, TN",2009,1445.8486625
309,"Memphis, TN",2010,1613.1886375000001
310,"Memphis, TN",2011,1735.1747874999999
311,"Memphis, TN",2012,1755.5058125
312,"Memphis, TN",2013,1738.3026375
313,"Memphis, TN",2014,1803.9874874999998
314,"Memphis, TN",2015,1735.1747874999999
315,"Memphis, TN",2016,1703.114325
316,"Memphis, TN",2017,1796.949825
317,"Memphis, TN",2018,1916.5900875
318,"Memphis, TN",2019,1840.739725
319,"Memphis, TN",2020,1698.42255
320,"Memphis, TN",2021,1864.9805624999997
321,"Memphis, TN",2022,1881.401775
322,"Memphis, TN",2023,1788.3482374999999
323,"Milwaukee, WI",2005,2170.4027213114755
324,"Milwaukee, WI",2006,2245.424680327869
325,"Milwaukee, WI",2007,2196.573172131147
326,"Milwaukee, WI",2008,1968.017901639344
327,"Milwaukee, WI",2009,1612.972118852459
328,"Milwaukee, WI",2010,1799.654668032787
329,"Milwaukee, WI",2011,1935.7410122950819
330,"Milwaukee, WI",2012,1958.422069672131
331,"Milwaukee, WI",2013,1939.2304057377048
332,"Milwaukee, WI",2014,2012.5076680327868
333,"Milwaukee, WI",2015,1935.7410122950819
334,"Milwaukee, WI",2016,1899.9747295081966
335,"Milwaukee, WI",2017,2004.6565327868852
336,"Milwaukee, WI",2018,2138.125831967213
337,"Milwaukee, WI",2019,2053.5080409836064
338,"Milwaukee, WI",2020,1894.7406393442623
339,"Milwaukee, WI",2021,2080.550840163934
340,"Milwaukee, WI",2022,2098.870155737705
341,"Milwaukee, WI",2023,1995.060700819672
342,"Minneapolis, MN",2005,2437.9892713178297
343,"Minneapolis, MN",2006,2522.260604651163
344,"Minneapolis, MN",2007,2467.3862480620155
345,"Minneapolis, MN",2008,2210.6526511627903
346,"Minneapolis, MN",2009,1811.8336666666667
347,"Minneapolis, MN",2010,2021.532100775194
348,"Minneapolis, MN",2011,2174.3963798449613
349,"Minneapolis, MN",2012,2199.8737596899227
350,"Minneapolis, MN",2013,2178.315976744186
351,"Minneapolis, MN",2014,2260.627511627907
352,"Minneapolis, MN",2015,2174.3963798449613
353,"Minneapolis, MN",2016,2134.220511627907
354,"Minneapolis, MN",2017,2251.8084186046513
355,"Minneapolis, MN",2018,2401.733
356,"Minneapolis, MN",2019,2306.6827751937985
357,"Minneapolis, MN",2020,2128.34111627907
358,"Minneapolis, MN",2021,2337.0596511627905
359,"Minneapolis, MN",2022,2357.637534883721
360,"Minneapolis, MN",2023,2241.0295271317827
361,"Omaha, NE",2005,2081.6941705426357
362,"Omaha, NE",2006,2153.649837209302
363,"Omaha, NE",2007,2106.7949844961236
364,"Omaha, NE",2008,1887.5812093023253
365,"Omaha, NE",2009,1547.0468333333333
366,"Omaha, NE",2010,1726.0993062015505
367,"Omaha, NE",2011,1856.6235387596896
368,"Omaha, NE",2012,1878.3775775193799
369,"Omaha, NE",2013,1859.9703139534881
370,"Omaha, NE",2014,1930.2525930232557
371,"Omaha, NE",2015,1856.6235387596896
372,"Omaha, NE",2016,1822.3190930232556
373,"Omaha, NE",2017,1922.7223488372092
374,"Omaha, NE",2018,2050.7365
375,"Omaha, NE",2019,1969.5772015503876
376,"Omaha, NE",2020,1817.2989302325582
377,"Omaha, NE",2021,1995.5147093023254
378,"Omaha, NE",2022,2013.0852790697675
379,"Omaha, NE",2023,1913.5187170542633
380,"Orlando, FL",2005,2804.014875
381,"Orlando, FL",2006,2900.93821875
382,"Orlando, FL",2007,2837.82534375
383,"Orlando, FL",2008,2542.5472499999996
384,"Orlando, FL",2009,2083.851890625
385,"Orlando, FL",2010,2325.033234375
386,"Orlando, FL",2011,2500.847671875
387,"Orlando, FL",2012,2530.150078125
388,"Orlando, FL",2013,2505.355734375
389,"Orlando, FL",2014,2600.025046875
390,"Orlando, FL",2015,2500.847671875
391,"Orlando, FL",2016,2454.64003125
392,"Orlando, FL",2017,2589.88190625
393,"Orlando, FL",2018,2762.315296875
394,"Orlando, FL",2019,2652.99478125
395,"Orlando, FL",2020,2447.8779375000004
396,"Orlando, FL",2021,2687.9322656249997
397,"Orlando, FL",2022,2711.59959375
398,"Orlando, FL",2023,2577.484734375
399,"Philadelphia, PA",2005,2400.9291470588237
400,"Philadelphia, PA",2006,2483.919463235294
401,"Philadelphia, PA",2007,2429.8792573529413
402,"Philadelphia, PA",2008,2177.048294117647
403,"Philadelphia, PA",2009,1784.2917977941177
404,"Philadelphia, PA",2010,1990.8025845588238
405,"Philadelphia, PA",2011,2141.343158088235
406,"Philadelphia, PA",2012,2166.433253676471
407,"Philadelphia, PA",2013,2145.2031727941176
408,"Philadelphia, PA",2014,2226.263481617647
409,"Philadelphia, PA",2015,2141.343158088235
410,"Philadelphia, PA",2016,2101.778007352941
411,"Philadelphia, PA",2017,2217.578448529412
412,"Philadelphia, PA",2018,2365.224011029412
413,"Philadelphia, PA",2019,2271.618654411765
414,"Philadelphia, PA",2020,2095.987985294118
415,"Philadelphia, PA",2021,2301.5337683823527
416,"Philadelphia, PA",2022,2321.7988455882355
417,"Philadelphia, PA",2023,2206.963408088235
418,"Phoenix, AZ",2005,2462.8372727272726
419,"Phoenix, AZ",2006,2547.9674999999997
420,"Phoenix, AZ",2007,2492.5338636363635
421,"Phoenix, AZ",2008,2233.183636363636
422,"Phoenix, AZ",2009,1830.2998863636362
423,"Phoenix, AZ",2010,2042.1355681818184
424,"Phoenix, AZ",2011,2196.557840909091
425,"Phoenix, AZ",2012,2222.2948863636366
426,"Phoenix, AZ",2013,2200.5173863636364
427,"Phoenix, AZ",2014,2283.667840909091
428,"Phoenix, AZ",2015,2196.557840909091
429,"Phoenix, AZ",2016,2155.9725
430,"Phoenix, AZ",2017,2274.7588636363635
431,"Phoenix, AZ",2018,2426.2114772727273
432,"Phoenix, AZ",2019,2330.1925
433,"Phoenix, AZ",2020,2150.033181818182
434,"Phoenix, AZ",2021,2360.878977272727
435,"Phoenix, AZ",2022,2381.666590909091
436,"Phoenix, AZ",2023,2263.8701136363634
437,"Pittsburgh, PA",2005,2248.5207164179105
438,"Pittsburgh, PA",2006,2326.242895522388
439,"Pittsburgh, PA",2007,2275.6331044776116
440,"Pittsburgh, PA",2008,2038.851582089552
441,"Pittsburgh, PA",2009,1671.0268507462686
442,"Pittsburgh, PA",2010,1864.428552238806
443,"Pittsburgh, PA",2011,2005.4129701492536
444,"Pittsburgh, PA",2012,2028.9103731343284
445,"Pittsburgh, PA",2013,2009.0279552238806
446,"Pittsburgh, PA",2014,2084.942641791045
447,"Pittsburgh, PA",2015,2005.4129701492536
448,"Pittsburgh, PA",2016,1968.3593731343283
449,"Pittsburgh, PA",2017,2076.8089253731346
450,"Pittsburgh, PA",2018,2215.082104477612
451,"Pittsburgh, PA",2019,2127.4187164179107
452,"Pittsburgh, PA",2020,1962.9368955223883
453,"Pittsburgh, PA",2021,2155.4348507462687
454,"Pittsburgh, PA",2022,2174.41352238806
455,"Pittsburgh, PA",2023,2066.8677164179103
456,"Portland, OR",2005,3070.2108484848486
457,"Portland, OR",2006,3176.3354999999997
458,"Portland, OR",2007,3107.2310757575756
459,"Portland, OR",2008,2783.9210909090907
460,"Portland, OR",2009,2281.6800075757574
461,"Portland, OR",2010,2545.757628787879
462,"Portland, OR",2011,2738.2628106060606
463,"Portland, OR",2012,2770.3470075757577
464,"Portland, OR",2013,2743.198840909091
465,"Portland, OR",2014,2846.855477272727
466,"Portland, OR",2015,2738.2628106060606
467,"Portland, OR",2016,2687.6684999999998
468,"Portland, OR",2017,2835.749409090909
469,"Portland, OR",2018,3024.552568181818
470,"Portland, OR",2019,2904.8538333333336
471,"Portland, OR",2020,2680.2644545454546
472,"Portland, OR",2021,2943.108068181818
473,"Portland, OR",2022,2969.0222272727274
474,"Portland, OR",2023,2822.1753257575756
475,"Raleigh, NC",2005,2548.1832121212124
476,"Raleigh, NC",2006,2636.2635
477,"Raleigh, NC",2007,2578.9088939393937
478,"Raleigh, NC",2008,2310.5712727272726
479,"Raleigh, NC",2009,1893.7261893939394
480,"Raleigh, NC",2010,2112.90271969697
481,"Raleigh, NC",2011,2272.676265151515
482,"Raleigh, NC",2012,2299.3051893939396
483,"Raleigh, NC",2013,2276.7730227272727
484,"Raleigh, NC",2014,2362.804931818182
485,"Raleigh, NC",2015,2272.676265151515
486,"Raleigh, NC",2016,2230.6845
487,"Raleigh, NC",2017,2353.5872272727274
488,"Raleigh, NC",2018,2510.288204545455
489,"Raleigh, NC",2019,2410.9418333333338
490,"Raleigh, NC",2020,2224.5393636363638
491,"Raleigh, NC",2021,2442.6917045454543
492,"Raleigh, NC",2022,2464.199681818182
493,"Raleigh, NC",2023,2342.321143939394
494,"Sacramento, CA",2005,2879.9183125
495,"Sacramento, CA",2006,2979.465328125
496,"Sacramento, CA",2007,2914.6440156249996
497,"Sacramento, CA",2008,2611.3728749999996
498,"Sacramento, CA",2009,2140.2608359375
499,"Sacramento, CA",2010,2387.9708515625002
500,"Sacramento, CA",2011,2568.5445078125
501,"Sacramento, CA",2012,2598.6401171875
502,"Sacramento, CA",2013,2573.1746015625
503,"Sacramento, CA",2014,2670.4065703124998
504,"Sacramento, CA",2015,2568.5445078125
505,"Sacramento, CA",2016,2521.0860468749997
506,"Sacramento, CA",2017,2659.988859375
507,"Sacramento, CA",2018,2837.0899453125003
508,"Sacramento, CA",2019,2724.810171875
509,"Sacramento, CA",2020,2514.14090625
510,"Sacramento, CA",2021,2760.6933984374996
511,"Sacramento, CA",2022,2785.001390625
512,"Sacramento, CA",2023,2647.2561015625
513,"Seattle, WA",2005,3080.260625
514,"Seattle, WA",2006,3186.7326562499998
515,"Seattle, WA",2007,3117.4020312499997
516,"Seattle, WA",2008,2793.0337499999996
517,"Seattle, WA",2009,2289.1486718749998
518,"Seattle, WA",2010,2554.0907031250003
519,"Seattle, WA",2011,2747.226015625
520,"Seattle, WA",2012,2779.415234375
521,"Seattle, WA",2013,2752.178203125
522,"Seattle, WA",2014,2856.174140625
523,"Seattle, WA",2015,2747.226015625
524,"Seattle, WA",2016,2696.46609375
525,"Seattle, WA",2017,2845.03171875
526,"Seattle, WA",2018,3034.4528906250002
527,"Seattle, WA",2019,2914.36234375
528,"Seattle, WA",2020,2689.0378125
529,"Seattle, WA",2021,2952.7417968749996
530,"Seattle, WA",2022,2978.74078125
531,"Seattle, WA",2023,2831.413203125
532,"Tampa, FL",2005,2768.0393280000003
533,"Tampa, FL",2006,2863.719144
534,"Tampa, FL",2007,2801.4160079999997
535,"Tampa, FL",2008,2509.926336
536,"Tampa, FL",2009,2057.116044
537,"Tampa, FL",2010,2295.2030280000004
538,"Tampa, FL",2011,2468.761764
539,"Tampa, FL",2012,2497.68822
540,"Tampa, FL",2013,2473.211988
541,"Tampa, FL",2014,2566.6666920000002
542,"Tampa, FL",2015,2468.761764
543,"Tampa, FL",2016,2423.146968
544,"Tampa, FL",2017,2556.6536880000003
545,"Tampa, FL",2018,2726.874756
546,"Tampa, FL",2019,2618.9568240000003
547,"Tampa, FL",2020,2416.471632
548,"Tampa, FL",2021,2653.4460599999998
549,"Tampa, FL",2022,2676.809736
550,"Tampa, FL",2023,2544.415572
551,"Tucson, AZ",2005,2470.3313125
552,"Tucson, AZ",2006,2555.720578125
553,"Tucson, AZ",2007,2500.118265625
554,"Tucson, AZ",2008,2239.978875
555,"Tucson, AZ",2009,1835.8692109375
556,"Tucson, AZ",2010,2048.3494765625
557,"Tucson, AZ",2011,2203.2416328125
558,"Tucson, AZ",2012,2229.0569921875003
559,"Tucson, AZ",2013,2207.2132265625
560,"Tucson, AZ",2014,2290.6166953125
561,"Tucson, AZ",2015,2203.2416328125
562,"Tucson, AZ",2016,2162.532796875
563,"Tucson, AZ",2017,2281.680609375
564,"Tucson, AZ",2018,2433.5940703125
565,"Tucson, AZ",2019,2337.2829218750003
566,"Tucson, AZ",2020,2156.57540625
567,"Tucson, AZ",2021,2368.0627734375
568,"Tucson, AZ",2022,2388.913640625
569,"Tucson, AZ",2023,2270.7587265624998
570,"Tulsa, OK",2005,1968.2844444444443
571,"Tulsa, OK",2006,2036.3199999999997
572,"Tulsa, OK",2007,1992.0177777777776
573,"Tulsa, OK",2008,1784.7466666666664
574,"Tulsa, OK",2009,1462.7644444444443
575,"Tulsa, OK",2010,1632.0622222222223
576,"Tulsa, OK",2011,1755.4755555555555
577,"Tulsa, OK",2012,1776.0444444444445
578,"Tulsa, OK",2013,1758.6399999999999
579,"Tulsa, OK",2014,1825.0933333333332
580,"Tulsa, OK",2015,1755.4755555555555
581,"Tulsa, OK",2016,1723.04
582,"Tulsa, OK",2017,1817.9733333333334
583,"Tulsa, OK",2018,1939.0133333333333
584,"Tulsa, OK",2019,1862.2755555555555
585,"Tulsa, OK",2020,1718.2933333333333
586,"Tulsa, OK",2021,1886.7999999999997
587,"Tulsa, OK",2022,1903.4133333333334
588,"Tulsa, OK",2023,1809.271111111111
589,"Washington, DC",2005,2342.975789473684
590,"Washington, DC",2006,2423.962894736842
591,"Washington, DC",2007,2371.2271052631577
592,"Washington, DC",2008,2124.498947368421
593,"Washington, DC",2009,1741.2227631578946
594,"Washington, DC",2010,1942.7488157894738
595,"Washington, DC",2011,2089.6556578947366
596,"Washington, DC",2012,2114.1401315789476
597,"Washington, DC",2013,2093.4224999999997
598,"Washington, DC",2014,2172.5261842105265
599,"Washington, DC",2015,2089.6556578947366
600,"Washington, DC",2016,2051.0455263157896
601,"Washington, DC",2017,2164.0507894736843
602,"Washington, DC",2018,2308.1325
603,"Washington, DC",2019,2216.7865789473685
604,"Washington, DC",2020,2045.395263157895
605,"Washington, DC",2021,2245.9796052631577
606,"Washington, DC",2022,2265.7555263157897
607,"Washington, DC",2023,2153.6919736842106
608,"Wichita, KS",2005,1981.808625
609,"Wichita, KS",2006,2050.31165625
610,"Wichita, KS",2007,2005.7050312499998
611,"Wichita, KS",2008,1797.00975
612,"Wichita, KS",2009,1472.815171875
613,"Wichita, KS",2010,1643.2762031250002
614,"Wichita, KS",2011,1767.537515625
615,"Wichita, KS",2012,1788.2477343750002
616,"Wichita, KS",2013,1770.723703125
617,"Wichita, KS",2014,1837.633640625
618,"Wichita, KS",2015,1767.537515625
619,"Wichita, KS",2016,1734.87909375
620,"Wichita, KS",2017,1830.46471875
621,"Wichita, KS",2018,1952.3363906250001
622,"Wichita, KS",2019,1875.07134375
623,"Wichita, KS",2020,1730.0998125
624,"Wichita, KS",2021,1899.764296875
625,"Wichita, KS",2022,1916.49178125
626,"Wichita, KS",2023,1821.702703125
